Timestamp, Sequence Number, SubPoint Number, Vertix Number, Comment, X, Y, Intended X, Intended Y, Scan Velocity, Laser State, Laser Rep. Rate, Spot Type, Spot Size, Spot Angle, MFC1, MFC2, Cell Pressure, Fluence At Sample
2022-12-06 13:42:02.240,1,1,,Mali_13,45270,48338,,,,Off,0,Manual: B,20,0,0,0,0,
2022-12-06 13:42:02.240,,,,,45270,48338,,,0,Off,0,Manual: B,20,0,0,0,0,
2022-12-06 13:42:02.240,,,,,45270,48338,45270,48338,,Off,0,Manual: B,20,0,0,0,0,
2022-12-06 13:42:02.240,,,,,45270,48338,,,,On,4,Manual: B,20,0,0,0,0,
2022-12-06 13:42:17.242,,,,,45270,48338,,,,Off,0,Manual: B,20,0,0,0,0,
2022-12-06 13:42:41.042,2,1,,Mali_14,45300,48338,,,,Off,0,Manual: B,20,0,0,0,0,
2022-12-06 13:42:41.042,,,,,45300,48338,,,0,Off,0,Manual: B,20,0,0,0,0,
2022-12-06 13:42:41.042,,,,,45300,48338,45300,48338,,Off,0,Manual: B,20,0,0,0,0,
2022-12-06 13:42:41.042,,,,,45300,48338,,,,On,4,Manual: B,20,0,0,0,0,
2022-12-06 13:42:56.045,,,,,45300,48338,,,,Off,0,Manual: B,20,0,0,0,0,
2022-12-06 13:43:19.767,3,1,,Mali_15,45330,48338,,,,Off,0,Manual: B,20,0,0,0,0,
2022-12-06 13:43:19.767,,,,,45330,48338,,,0,Off,0,Manual: B,20,0,0,0,0,
2022-12-06 13:43:19.767,,,,,45330,48338,45330,48338,,Off,0,Manual: B,20,0,0,0,0,
2022-12-06 13:43:19.767,,,,,45330,48338,,,,On,4,Manual: B,20,0,0,0,0,
2022-12-06 13:43:34.773,,,,,45330,48338,,,,Off,0,Manual: B,20,0,0,0,0,
2022-12-06 13:43:58.525,4,1,,Mali_16,45344,48312,,,,Off,0,Manual: B,20,0,0,0,0,
2022-12-06 13:43:58.525,,,,,45344,48312,,,0,Off,0,Manual: B,20,0,0,0,0,
2022-12-06 13:43:58.525,,,,,45344,48312,45344,48312,,Off,0,Manual: B,20,0,0,0,0,
2022-12-06 13:43:58.525,,,,,45344,48312,,,,On,4,Manual: B,20,0,0,0,0,
2022-12-06 13:44:13.575,,,,,45344,48312,,,,Off,0,Manual: B,20,0,0,0,0,
2022-12-06 13:44:38.213,5,1,,91500_58,40777,47883,,,,Off,0,Manual: B,20,0,0,0,0,
2022-12-06 13:44:38.213,,,,,40777,47883,,,0,Off,0,Manual: B,20,0,0,0,0,
2022-12-06 13:44:38.213,,,,,40777,47883,40777,47883,,Off,0,Manual: B,20,0,0,0,0,
2022-12-06 13:44:38.213,,,,,40777,47883,,,,On,4,Manual: B,20,0,0,0,0,
2022-12-06 13:44:53.215,,,,,40777,47883,,,,Off,0,Manual: B,20,0,0,0,0,
2022-12-06 13:45:20.415,6,1,,NIST612_31,58564,31737,,,,Off,0,Manual: B,20,0,0,0,0,
2022-12-06 13:45:20.415,,,,,58564,31737,,,0,Off,0,Manual: B,20,0,0,0,0,
2022-12-06 13:45:20.415,,,,,58564,31737,58564,31737,,Off,0,Manual: B,20,0,0,0,0,
2022-12-06 13:45:20.415,,,,,58564,31737,,,,On,4,Manual: B,20,0,0,0,0,
2022-12-06 13:45:35.454,,,,,58564,31737,,,,Off,0,Manual: B,20,0,0,0,0,
2022-12-06 13:46:03.325,7,1,,AT22_FRAN_GC_06_S_20,77251,14051,,,,Off,0,Manual: B,20,0,0,0,0,
2022-12-06 13:46:03.325,,,,,77251,14051,,,0,Off,0,Manual: B,20,0,0,0,0,
2022-12-06 13:46:03.325,,,,,77251,14051,77251,14051,,Off,0,Manual: B,20,0,0,0,0,
2022-12-06 13:46:03.325,,,,,77251,14051,,,,On,4,Manual: B,20,0,0,0,0,
2022-12-06 13:46:18.328,,,,,77251,14051,,,,Off,0,Manual: B,20,0,0,0,0,
2022-12-06 13:46:42.074,8,1,,AT22_FRAN_GC_06_S_21,77323,14055,,,,Off,0,Manual: B,20,0,0,0,0,
2022-12-06 13:46:42.074,,,,,77323,14055,,,0,Off,0,Manual: B,20,0,0,0,0,
2022-12-06 13:46:42.074,,,,,77323,14055,77323,14055,,Off,0,Manual: B,20,0,0,0,0,
2022-12-06 13:46:42.074,,,,,77323,14055,,,,On,4,Manual: B,20,0,0,0,0,
2022-12-06 13:46:57.077,,,,,77323,14055,,,,Off,0,Manual: B,20,0,0,0,0,
2022-12-06 13:47:20.775,9,1,,AT22_FRAN_GC_06_S_22,77406,14035,,,,Off,0,Manual: B,20,0,0,0,0,
2022-12-06 13:47:20.775,,,,,77406,14035,,,0,Off,0,Manual: B,20,0,0,0,0,
2022-12-06 13:47:20.775,,,,,77406,14035,77406,14035,,Off,0,Manual: B,20,0,0,0,0,
2022-12-06 13:47:20.775,,,,,77406,14035,,,,On,4,Manual: B,20,0,0,0,0,
2022-12-06 13:47:35.782,,,,,77406,14035,,,,Off,0,Manual: B,20,0,0,0,0,
2022-12-06 13:47:59.919,10,1,,AT22_FRAN_GC_06_S_23,77409,14163,,,,Off,0,Manual: B,20,0,0,0,0,
2022-12-06 13:47:59.919,,,,,77409,14163,,,0,Off,0,Manual: B,20,0,0,0,0,
2022-12-06 13:47:59.919,,,,,77409,14163,77409,14163,,Off,0,Manual: B,20,0,0,0,0,
2022-12-06 13:47:59.919,,,,,77409,14163,,,,On,4,Manual: B,20,0,0,0,0,
2022-12-06 13:48:14.924,,,,,77409,14163,,,,Off,0,Manual: B,20,0,0,0,0,
2022-12-06 13:48:38.977,11,1,,AT22_FRAN_GC_06_S_24,77342,14157,,,,Off,0,Manual: B,20,0,0,0,0,
2022-12-06 13:48:38.977,,,,,77342,14157,,,0,Off,0,Manual: B,20,0,0,0,0,
2022-12-06 13:48:38.977,,,,,77342,14157,77342,14157,,Off,0,Manual: B,20,0,0,0,0,
2022-12-06 13:48:38.977,,,,,77342,14157,,,,On,4,Manual: B,20,0,0,0,0,
2022-12-06 13:48:53.984,,,,,77342,14157,,,,Off,0,Manual: B,20,0,0,0,0,
2022-12-06 13:49:17.902,12,1,,AT22_FRAN_GC_06_S_25,77278,14176,,,,Off,0,Manual: B,20,0,0,0,0,
2022-12-06 13:49:17.902,,,,,77278,14176,,,0,Off,0,Manual: B,20,0,0,0,0,
2022-12-06 13:49:17.902,,,,,77278,14176,77278,14176,,Off,0,Manual: B,20,0,0,0,0,
2022-12-06 13:49:17.902,,,,,77278,14176,,,,On,4,Manual: B,20,0,0,0,0,
2022-12-06 13:49:32.906,,,,,77278,14176,,,,Off,0,Manual: B,20,0,0,0,0,
2022-12-06 13:49:56.801,13,1,,AT22_FRAN_GC_06_S_26,77180,14186,,,,Off,0,Manual: B,20,0,0,0,0,
2022-12-06 13:49:56.801,,,,,77180,14186,,,0,Off,0,Manual: B,20,0,0,0,0,
2022-12-06 13:49:56.801,,,,,77180,14186,77180,14186,,Off,0,Manual: B,20,0,0,0,0,
2022-12-06 13:49:56.801,,,,,77180,14186,,,,On,4,Manual: B,20,0,0,0,0,
2022-12-06 13:50:11.814,,,,,77180,14186,,,,Off,0,Manual: B,20,0,0,0,0,
2022-12-06 13:50:35.735,14,1,,AT22_FRAN_GC_06_S_27,77097,14204,,,,Off,0,Manual: B,20,0,0,0,0,
2022-12-06 13:50:35.735,,,,,77097,14204,,,0,Off,0,Manual: B,20,0,0,0,0,
2022-12-06 13:50:35.735,,,,,77097,14204,77097,14204,,Off,0,Manual: B,20,0,0,0,0,
2022-12-06 13:50:35.735,,,,,77097,14204,,,,On,4,Manual: B,20,0,0,0,0,
2022-12-06 13:50:50.796,,,,,77097,14204,,,,Off,0,Manual: B,20,0,0,0,0,
2022-12-06 13:51:14.712,15,1,,AT22_FRAN_GC_06_S_28,77044,14189,,,,Off,0,Manual: B,20,0,0,0,0,
2022-12-06 13:51:14.712,,,,,77044,14189,,,0,Off,0,Manual: B,20,0,0,0,0,
2022-12-06 13:51:14.712,,,,,77044,14189,77044,14189,,Off,0,Manual: B,20,0,0,0,0,
2022-12-06 13:51:14.712,,,,,77044,14189,,,,On,4,Manual: B,20,0,0,0,0,
2022-12-06 13:51:29.768,,,,,77044,14189,,,,Off,0,Manual: B,20,0,0,0,0,
2022-12-06 13:51:53.721,16,1,,AT22_FRAN_GC_06_S_29,76951,14215,,,,Off,0,Manual: B,20,0,0,0,0,
2022-12-06 13:51:53.721,,,,,76951,14215,,,0,Off,0,Manual: B,20,0,0,0,0,
2022-12-06 13:51:53.721,,,,,76951,14215,76951,14215,,Off,0,Manual: B,20,0,0,0,0,
2022-12-06 13:51:53.721,,,,,76951,14215,,,,On,4,Manual: B,20,0,0,0,0,
2022-12-06 13:52:08.746,,,,,76951,14215,,,,Off,0,Manual: B,20,0,0,0,0,
2022-12-06 13:52:39.950,17,1,,91500_59,40807,47883,,,,Off,0,Manual: B,20,0,0,0,0,
2022-12-06 13:52:39.950,,,,,40807,47883,,,0,Off,0,Manual: B,20,0,0,0,0,
2022-12-06 13:52:39.950,,,,,40807,47883,40807,47883,,Off,0,Manual: B,20,0,0,0,0,
2022-12-06 13:52:39.950,,,,,40807,47883,,,,On,4,Manual: B,20,0,0,0,0,
2022-12-06 13:52:54.968,,,,,40807,47883,,,,Off,0,Manual: B,20,0,0,0,0,
2022-12-06 13:53:19.529,18,1,,Ples_10,40965,42939,,,,Off,0,Manual: B,20,0,0,0,0,
2022-12-06 13:53:19.529,,,,,40965,42939,,,0,Off,0,Manual: B,20,0,0,0,0,
2022-12-06 13:53:19.529,,,,,40965,42939,40965,42939,,Off,0,Manual: B,20,0,0,0,0,
2022-12-06 13:53:19.529,,,,,40965,42939,,,,On,4,Manual: B,20,0,0,0,0,
2022-12-06 13:53:34.558,,,,,40965,42939,,,,Off,0,Manual: B,20,0,0,0,0,
2022-12-06 13:54:06.017,19,1,,AT22_FRAN_GC_06_S_30,76866,14207,,,,Off,0,Manual: B,20,0,0,0,0,
2022-12-06 13:54:06.017,,,,,76866,14207,,,0,Off,0,Manual: B,20,0,0,0,0,
2022-12-06 13:54:06.017,,,,,76866,14207,76866,14207,,Off,0,Manual: B,20,0,0,0,0,
2022-12-06 13:54:06.017,,,,,76866,14207,,,,On,4,Manual: B,20,0,0,0,0,
2022-12-06 13:54:21.047,,,,,76866,14207,,,,Off,0,Manual: B,20,0,0,0,0,
2022-12-06 13:54:45.030,20,1,,AT22_FRAN_GC_06_S_31,76788,14151,,,,Off,0,Manual: B,20,0,0,0,0,
2022-12-06 13:54:45.030,,,,,76788,14151,,,0,Off,0,Manual: B,20,0,0,0,0,
2022-12-06 13:54:45.030,,,,,76788,14151,76788,14151,,Off,0,Manual: B,20,0,0,0,0,
2022-12-06 13:54:45.030,,,,,76788,14151,,,,On,4,Manual: B,20,0,0,0,0,
2022-12-06 13:55:00.056,,,,,76788,14151,,,,Off,0,Manual: B,20,0,0,0,0,
2022-12-06 13:55:24.073,21,1,,AT22_FRAN_GC_06_S_32,76676,14195,,,,Off,0,Manual: B,20,0,0,0,0,
2022-12-06 13:55:24.073,,,,,76676,14195,,,0,Off,0,Manual: B,20,0,0,0,0,
2022-12-06 13:55:24.073,,,,,76676,14195,76676,14195,,Off,0,Manual: B,20,0,0,0,0,
2022-12-06 13:55:24.073,,,,,76676,14195,,,,On,4,Manual: B,20,0,0,0,0,
2022-12-06 13:55:39.083,,,,,76676,14195,,,,Off,0,Manual: B,20,0,0,0,0,
2022-12-06 13:56:02.953,22,1,,AT22_FRAN_GC_06_S_33,76610,14186,,,,Off,0,Manual: B,20,0,0,0,0,
2022-12-06 13:56:02.953,,,,,76610,14186,,,0,Off,0,Manual: B,20,0,0,0,0,
2022-12-06 13:56:02.953,,,,,76610,14186,76610,14186,,Off,0,Manual: B,20,0,0,0,0,
2022-12-06 13:56:02.953,,,,,76610,14186,,,,On,4,Manual: B,20,0,0,0,0,
2022-12-06 13:56:17.963,,,,,76610,14186,,,,Off,0,Manual: B,20,0,0,0,0,
2022-12-06 13:56:41.651,23,1,,AT22_FRAN_GC_06_S_34,76418,14207,,,,Off,0,Manual: B,20,0,0,0,0,
2022-12-06 13:56:41.651,,,,,76418,14207,,,0,Off,0,Manual: B,20,0,0,0,0,
2022-12-06 13:56:41.651,,,,,76418,14207,76418,14207,,Off,0,Manual: B,20,0,0,0,0,
2022-12-06 13:56:41.651,,,,,76418,14207,,,,On,4,Manual: B,20,0,0,0,0,
2022-12-06 13:56:56.654,,,,,76418,14207,,,,Off,0,Manual: B,20,0,0,0,0,
2022-12-06 13:57:20.663,24,1,,AT22_FRAN_GC_06_S_35,76346,14209,,,,Off,0,Manual: B,20,0,0,0,0,
2022-12-06 13:57:20.663,,,,,76346,14209,,,0,Off,0,Manual: B,20,0,0,0,0,
2022-12-06 13:57:20.663,,,,,76346,14209,76346,14209,,Off,0,Manual: B,20,0,0,0,0,
2022-12-06 13:57:20.663,,,,,76346,14209,,,,On,4,Manual: B,20,0,0,0,0,
2022-12-06 13:57:35.717,,,,,76346,14209,,,,Off,0,Manual: B,20,0,0,0,0,
2022-12-06 13:57:59.813,25,1,,AT22_FRAN_GC_06_S_36,76235,14228,,,,Off,0,Manual: B,20,0,0,0,0,
2022-12-06 13:57:59.813,,,,,76235,14228,,,0,Off,0,Manual: B,20,0,0,0,0,
2022-12-06 13:57:59.813,,,,,76235,14228,76235,14228,,Off,0,Manual: B,20,0,0,0,0,
2022-12-06 13:57:59.813,,,,,76235,14228,,,,On,4,Manual: B,20,0,0,0,0,
2022-12-06 13:58:15.114,,,,,76235,14228,,,,Off,0,Manual: B,20,0,0,0,0,
2022-12-06 13:58:38.863,26,1,,AT22_FRAN_GC_06_S_37,76154,14212,,,,Off,0,Manual: B,20,0,0,0,0,
2022-12-06 13:58:38.863,,,,,76154,14212,,,0,Off,0,Manual: B,20,0,0,0,0,
2022-12-06 13:58:38.863,,,,,76154,14212,76154,14212,,Off,0,Manual: B,20,0,0,0,0,
2022-12-06 13:58:38.863,,,,,76154,14212,,,,On,4,Manual: B,20,0,0,0,0,
2022-12-06 13:58:53.871,,,,,76154,14212,,,,Off,0,Manual: B,20,0,0,0,0,
2022-12-06 13:59:17.598,27,1,,AT22_FRAN_GC_06_S_38,76045,14207,,,,Off,0,Manual: B,20,0,0,0,0,
2022-12-06 13:59:17.598,,,,,76045,14207,,,0,Off,0,Manual: B,20,0,0,0,0,
2022-12-06 13:59:17.598,,,,,76045,14207,76045,14207,,Off,0,Manual: B,20,0,0,0,0,
2022-12-06 13:59:17.598,,,,,76045,14207,,,,On,4,Manual: B,20,0,0,0,0,
2022-12-06 13:59:32.606,,,,,76045,14207,,,,Off,0,Manual: B,20,0,0,0,0,
2022-12-06 13:59:56.397,28,1,,AT22_NAV_01_0_1_S_1,76098,14613,,,,Off,0,Manual: B,20,0,0,0,0,
2022-12-06 13:59:56.397,,,,,76098,14613,,,0,Off,0,Manual: B,20,0,0,0,0,
2022-12-06 13:59:56.397,,,,,76098,14613,76098,14613,,Off,0,Manual: B,20,0,0,0,0,
2022-12-06 13:59:56.397,,,,,76098,14613,,,,On,4,Manual: B,20,0,0,0,0,
2022-12-06 14:00:11.734,,,,,76098,14613,,,,Off,0,Manual: B,20,0,0,0,0,
2022-12-06 14:00:42.656,29,1,,91500_60,40731,47905,,,,Off,0,Manual: B,20,0,0,0,0,
2022-12-06 14:00:42.656,,,,,40731,47905,,,0,Off,0,Manual: B,20,0,0,0,0,
2022-12-06 14:00:42.656,,,,,40731,47905,40731,47905,,Off,0,Manual: B,20,0,0,0,0,
2022-12-06 14:00:42.656,,,,,40731,47905,,,,On,4,Manual: B,20,0,0,0,0,
2022-12-06 14:00:57.658,,,,,40731,47905,,,,Off,0,Manual: B,20,0,0,0,0,
2022-12-06 14:01:25.004,30,1,,NIST612_32,58613,31774,,,,Off,0,Manual: B,20,0,0,0,0,
2022-12-06 14:01:25.004,,,,,58613,31774,,,0,Off,0,Manual: B,20,0,0,0,0,
2022-12-06 14:01:25.004,,,,,58613,31774,58613,31774,,Off,0,Manual: B,20,0,0,0,0,
2022-12-06 14:01:25.004,,,,,58613,31774,,,,On,4,Manual: B,20,0,0,0,0,
2022-12-06 14:01:40.081,,,,,58613,31774,,,,Off,0,Manual: B,20,0,0,0,0,
2022-12-06 14:02:07.733,31,1,,AT22_NAV_01_0_1_S_2,76201,14630,,,,Off,0,Manual: B,20,0,0,0,0,
2022-12-06 14:02:07.733,,,,,76201,14630,,,0,Off,0,Manual: B,20,0,0,0,0,
2022-12-06 14:02:07.733,,,,,76201,14630,76201,14630,,Off,0,Manual: B,20,0,0,0,0,
2022-12-06 14:02:07.733,,,,,76201,14630,,,,On,4,Manual: B,20,0,0,0,0,
2022-12-06 14:02:22.769,,,,,76201,14630,,,,Off,0,Manual: B,20,0,0,0,0,
2022-12-06 14:02:46.714,32,1,,AT22_NAV_01_0_1_S_3,76321,14591,,,,Off,0,Manual: B,20,0,0,0,0,
2022-12-06 14:02:46.714,,,,,76321,14591,,,0,Off,0,Manual: B,20,0,0,0,0,
2022-12-06 14:02:46.714,,,,,76321,14591,76321,14591,,Off,0,Manual: B,20,0,0,0,0,
2022-12-06 14:02:46.714,,,,,76321,14591,,,,On,4,Manual: B,20,0,0,0,0,
2022-12-06 14:03:01.794,,,,,76321,14591,,,,Off,0,Manual: B,20,0,0,0,0,
2022-12-06 14:03:25.514,33,1,,AT22_NAV_01_0_1_S_4,76374,14589,,,,Off,0,Manual: B,20,0,0,0,0,
2022-12-06 14:03:25.514,,,,,76374,14589,,,0,Off,0,Manual: B,20,0,0,0,0,
2022-12-06 14:03:25.514,,,,,76374,14589,76374,14589,,Off,0,Manual: B,20,0,0,0,0,
2022-12-06 14:03:25.514,,,,,76374,14589,,,,On,4,Manual: B,20,0,0,0,0,
2022-12-06 14:03:40.605,,,,,76374,14589,,,,Off,0,Manual: B,20,0,0,0,0,
2022-12-06 14:04:04.292,34,1,,AT22_NAV_01_0_1_S_5,76450,14578,,,,Off,0,Manual: B,20,0,0,0,0,
2022-12-06 14:04:04.292,,,,,76450,14578,,,0,Off,0,Manual: B,20,0,0,0,0,
2022-12-06 14:04:04.292,,,,,76450,14578,76450,14578,,Off,0,Manual: B,20,0,0,0,0,
2022-12-06 14:04:04.292,,,,,76450,14578,,,,On,4,Manual: B,20,0,0,0,0,
2022-12-06 14:04:19.388,,,,,76450,14578,,,,Off,0,Manual: B,20,0,0,0,0,
2022-12-06 14:04:43.064,35,1,,AT22_NAV_01_0_1_S_6,76511,14562,,,,Off,0,Manual: B,20,0,0,0,0,
2022-12-06 14:04:43.064,,,,,76511,14562,,,0,Off,0,Manual: B,20,0,0,0,0,
2022-12-06 14:04:43.064,,,,,76511,14562,76511,14562,,Off,0,Manual: B,20,0,0,0,0,
2022-12-06 14:04:43.064,,,,,76511,14562,,,,On,4,Manual: B,20,0,0,0,0,
2022-12-06 14:04:58.070,,,,,76511,14562,,,,Off,0,Manual: B,20,0,0,0,0,
2022-12-06 14:05:21.851,36,1,,AT22_NAV_01_0_1_S_7,76605,14570,,,,Off,0,Manual: B,20,0,0,0,0,
2022-12-06 14:05:21.851,,,,,76605,14570,,,0,Off,0,Manual: B,20,0,0,0,0,
2022-12-06 14:05:21.851,,,,,76605,14570,76605,14570,,Off,0,Manual: B,20,0,0,0,0,
2022-12-06 14:05:21.851,,,,,76605,14570,,,,On,4,Manual: B,20,0,0,0,0,
2022-12-06 14:05:36.887,,,,,76605,14570,,,,Off,0,Manual: B,20,0,0,0,0,
2022-12-06 14:06:00.878,37,1,,AT22_NAV_01_0_1_S_8,76649,14596,,,,Off,0,Manual: B,20,0,0,0,0,
2022-12-06 14:06:00.878,,,,,76649,14596,,,0,Off,0,Manual: B,20,0,0,0,0,
2022-12-06 14:06:00.878,,,,,76649,14596,76649,14596,,Off,0,Manual: B,20,0,0,0,0,
2022-12-06 14:06:00.878,,,,,76649,14596,,,,On,4,Manual: B,20,0,0,0,0,
2022-12-06 14:06:15.922,,,,,76649,14596,,,,Off,0,Manual: B,20,0,0,0,0,
2022-12-06 14:06:39.707,38,1,,AT22_NAV_01_0_1_S_9,76694,14601,,,,Off,0,Manual: B,20,0,0,0,0,
2022-12-06 14:06:39.707,,,,,76694,14601,,,0,Off,0,Manual: B,20,0,0,0,0,
2022-12-06 14:06:39.707,,,,,76694,14601,76694,14601,,Off,0,Manual: B,20,0,0,0,0,
2022-12-06 14:06:39.707,,,,,76694,14601,,,,On,4,Manual: B,20,0,0,0,0,
2022-12-06 14:06:54.712,,,,,76694,14601,,,,Off,0,Manual: B,20,0,0,0,0,
2022-12-06 14:07:18.472,39,1,,AT22_NAV_01_0_1_S_10,76781,14625,,,,Off,0,Manual: B,20,0,0,0,0,
2022-12-06 14:07:18.472,,,,,76781,14625,,,0,Off,0,Manual: B,20,0,0,0,0,
2022-12-06 14:07:18.472,,,,,76781,14625,76781,14625,,Off,0,Manual: B,20,0,0,0,0,
2022-12-06 14:07:18.472,,,,,76781,14625,,,,On,4,Manual: B,20,0,0,0,0,
2022-12-06 14:07:33.514,,,,,76781,14625,,,,Off,0,Manual: B,20,0,0,0,0,
2022-12-06 14:07:57.554,40,1,,AT22_NAV_01_0_1_S_11,76825,14636,,,,Off,0,Manual: B,20,0,0,0,0,
2022-12-06 14:07:57.554,,,,,76825,14636,,,0,Off,0,Manual: B,20,0,0,0,0,
2022-12-06 14:07:57.554,,,,,76825,14636,76825,14636,,Off,0,Manual: B,20,0,0,0,0,
2022-12-06 14:07:57.554,,,,,76825,14636,,,,On,4,Manual: B,20,0,0,0,0,
2022-12-06 14:08:12.596,,,,,76825,14636,,,,Off,0,Manual: B,20,0,0,0,0,
2022-12-06 14:08:43.429,41,1,,91500_61,40761,47905,,,,Off,0,Manual: B,20,0,0,0,0,
2022-12-06 14:08:43.429,,,,,40761,47905,,,0,Off,0,Manual: B,20,0,0,0,0,
2022-12-06 14:08:43.429,,,,,40761,47905,40761,47905,,Off,0,Manual: B,20,0,0,0,0,
2022-12-06 14:08:43.429,,,,,40761,47905,,,,On,4,Manual: B,20,0,0,0,0,
2022-12-06 14:08:58.437,,,,,40761,47905,,,,Off,0,Manual: B,20,0,0,0,0,
2022-12-06 14:09:22.493,42,1,,GJ1_10,41417,46345,,,,Off,0,Manual: B,20,0,0,0,0,
2022-12-06 14:09:22.493,,,,,41417,46345,,,0,Off,0,Manual: B,20,0,0,0,0,
2022-12-06 14:09:22.493,,,,,41417,46345,41417,46345,,Off,0,Manual: B,20,0,0,0,0,
2022-12-06 14:09:22.493,,,,,41417,46345,,,,On,4,Manual: B,20,0,0,0,0,
2022-12-06 14:09:37.499,,,,,41417,46345,,,,Off,0,Manual: B,20,0,0,0,0,
2022-12-06 14:10:08.216,43,1,,AT22_NAV_01_0_1_S_12,76879,14625,,,,Off,0,Manual: B,20,0,0,0,0,
2022-12-06 14:10:08.216,,,,,76879,14625,,,0,Off,0,Manual: B,20,0,0,0,0,
2022-12-06 14:10:08.216,,,,,76879,14625,76879,14625,,Off,0,Manual: B,20,0,0,0,0,
2022-12-06 14:10:08.216,,,,,76879,14625,,,,On,4,Manual: B,20,0,0,0,0,
2022-12-06 14:10:23.266,,,,,76879,14625,,,,Off,0,Manual: B,20,0,0,0,0,
2022-12-06 14:10:47.139,44,1,,AT22_NAV_01_0_1_S_13,76977,14631,,,,Off,0,Manual: B,20,0,0,0,0,
2022-12-06 14:10:47.139,,,,,76977,14631,,,0,Off,0,Manual: B,20,0,0,0,0,
2022-12-06 14:10:47.139,,,,,76977,14631,76977,14631,,Off,0,Manual: B,20,0,0,0,0,
2022-12-06 14:10:47.139,,,,,76977,14631,,,,On,4,Manual: B,20,0,0,0,0,
2022-12-06 14:11:02.208,,,,,76977,14631,,,,Off,0,Manual: B,20,0,0,0,0,
2022-12-06 14:11:26.533,45,1,,AT22_NAV_01_0_1_S_14,77100,14630,,,,Off,0,Manual: B,20,0,0,0,0,
2022-12-06 14:11:26.533,,,,,77100,14630,,,0,Off,0,Manual: B,20,0,0,0,0,
2022-12-06 14:11:26.533,,,,,77100,14630,77100,14630,,Off,0,Manual: B,20,0,0,0,0,
2022-12-06 14:11:26.533,,,,,77100,14630,,,,On,4,Manual: B,20,0,0,0,0,
2022-12-06 14:11:41.535,,,,,77100,14630,,,,Off,0,Manual: B,20,0,0,0,0,
2022-12-06 14:12:05.154,46,1,,AT22_NAV_01_0_1_S_15,77157,14635,,,,Off,0,Manual: B,20,0,0,0,0,
2022-12-06 14:12:05.154,,,,,77157,14635,,,0,Off,0,Manual: B,20,0,0,0,0,
2022-12-06 14:12:05.154,,,,,77157,14635,77157,14635,,Off,0,Manual: B,20,0,0,0,0,
2022-12-06 14:12:05.154,,,,,77157,14635,,,,On,4,Manual: B,20,0,0,0,0,
2022-12-06 14:12:20.163,,,,,77157,14635,,,,Off,0,Manual: B,20,0,0,0,0,
2022-12-06 14:12:44.221,47,1,,AT22_NAV_01_0_1_S_16,77165,14546,,,,Off,0,Manual: B,20,0,0,0,0,
2022-12-06 14:12:44.221,,,,,77165,14546,,,0,Off,0,Manual: B,20,0,0,0,0,
2022-12-06 14:12:44.221,,,,,77165,14546,77165,14546,,Off,0,Manual: B,20,0,0,0,0,
2022-12-06 14:12:44.221,,,,,77165,14546,,,,On,4,Manual: B,20,0,0,0,0,
2022-12-06 14:12:59.320,,,,,77165,14546,,,,Off,0,Manual: B,20,0,0,0,0,
2022-12-06 14:13:23.485,48,1,,AT22_NAV_01_0_1_S_17,77237,14580,,,,Off,0,Manual: B,20,0,0,0,0,
2022-12-06 14:13:23.485,,,,,77237,14580,,,0,Off,0,Manual: B,20,0,0,0,0,
2022-12-06 14:13:23.485,,,,,77237,14580,77237,14580,,Off,0,Manual: B,20,0,0,0,0,
2022-12-06 14:13:23.485,,,,,77237,14580,,,,On,4,Manual: B,20,0,0,0,0,
2022-12-06 14:13:38.576,,,,,77237,14580,,,,Off,0,Manual: B,20,0,0,0,0,
2022-12-06 14:14:02.655,49,1,,AT22_NAV_01_0_1_S_18,77331,14563,,,,Off,0,Manual: B,20,0,0,0,0,
2022-12-06 14:14:02.655,,,,,77331,14563,,,0,Off,0,Manual: B,20,0,0,0,0,
2022-12-06 14:14:02.655,,,,,77331,14563,77331,14563,,Off,0,Manual: B,20,0,0,0,0,
2022-12-06 14:14:02.655,,,,,77331,14563,,,,On,4,Manual: B,20,0,0,0,0,
2022-12-06 14:14:17.698,,,,,77331,14563,,,,Off,0,Manual: B,20,0,0,0,0,
2022-12-06 14:14:41.310,50,1,,AT22_NAV_01_0_1_S_19,77371,14577,,,,Off,0,Manual: B,20,0,0,0,0,
2022-12-06 14:14:41.310,,,,,77371,14577,,,0,Off,0,Manual: B,20,0,0,0,0,
2022-12-06 14:14:41.310,,,,,77371,14577,77371,14577,,Off,0,Manual: B,20,0,0,0,0,
2022-12-06 14:14:41.310,,,,,77371,14577,,,,On,4,Manual: B,20,0,0,0,0,
2022-12-06 14:14:56.324,,,,,77371,14577,,,,Off,0,Manual: B,20,0,0,0,0,
2022-12-06 14:15:20.283,51,1,,AT22_NAV_01_0_1_S_20,77446,14525,,,,Off,0,Manual: B,20,0,0,0,0,
2022-12-06 14:15:20.283,,,,,77446,14525,,,0,Off,0,Manual: B,20,0,0,0,0,
2022-12-06 14:15:20.283,,,,,77446,14525,77446,14525,,Off,0,Manual: B,20,0,0,0,0,
2022-12-06 14:15:20.283,,,,,77446,14525,,,,On,4,Manual: B,20,0,0,0,0,
2022-12-06 14:15:35.306,,,,,77446,14525,,,,Off,0,Manual: B,20,0,0,0,0,
2022-12-06 14:15:59.154,52,1,,AT22_NAV_01_0_1_S_21,77541,14513,,,,Off,0,Manual: B,20,0,0,0,0,
2022-12-06 14:15:59.154,,,,,77541,14513,,,0,Off,0,Manual: B,20,0,0,0,0,
2022-12-06 14:15:59.154,,,,,77541,14513,77541,14513,,Off,0,Manual: B,20,0,0,0,0,
2022-12-06 14:15:59.154,,,,,77541,14513,,,,On,4,Manual: B,20,0,0,0,0,
2022-12-06 14:16:14.171,,,,,77541,14513,,,,Off,0,Manual: B,20,0,0,0,0,
2022-12-06 14:16:45.482,53,1,,91500_62,40791,47905,,,,Off,0,Manual: B,20,0,0,0,0,
2022-12-06 14:16:45.482,,,,,40791,47905,,,0,Off,0,Manual: B,20,0,0,0,0,
2022-12-06 14:16:45.482,,,,,40791,47905,40791,47905,,Off,0,Manual: B,20,0,0,0,0,
2022-12-06 14:16:45.482,,,,,40791,47905,,,,On,4,Manual: B,20,0,0,0,0,
2022-12-06 14:17:00.580,,,,,40791,47905,,,,Off,0,Manual: B,20,0,0,0,0,
2022-12-06 14:17:28.043,54,1,,NIST612_33,58643,31774,,,,Off,0,Manual: B,20,0,0,0,0,
2022-12-06 14:17:28.043,,,,,58643,31774,,,0,Off,0,Manual: B,20,0,0,0,0,
2022-12-06 14:17:28.043,,,,,58643,31774,58643,31774,,Off,0,Manual: B,20,0,0,0,0,
2022-12-06 14:17:28.043,,,,,58643,31774,,,,On,4,Manual: B,20,0,0,0,0,
2022-12-06 14:17:43.065,,,,,58643,31774,,,,Off,0,Manual: B,20,0,0,0,0,
2022-12-06 14:18:11.080,55,1,,AT22_NAV_01_0_1_S_22,77624,14523,,,,Off,0,Manual: B,20,0,0,0,0,
2022-12-06 14:18:11.080,,,,,77624,14523,,,0,Off,0,Manual: B,20,0,0,0,0,
2022-12-06 14:18:11.080,,,,,77624,14523,77624,14523,,Off,0,Manual: B,20,0,0,0,0,
2022-12-06 14:18:11.080,,,,,77624,14523,,,,On,4,Manual: B,20,0,0,0,0,
2022-12-06 14:18:26.109,,,,,77624,14523,,,,Off,0,Manual: B,20,0,0,0,0,
2022-12-06 14:18:49.852,56,1,,AT22_NAV_01_0_1_S_23,77674,14512,,,,Off,0,Manual: B,20,0,0,0,0,
2022-12-06 14:18:49.852,,,,,77674,14512,,,0,Off,0,Manual: B,20,0,0,0,0,
2022-12-06 14:18:49.852,,,,,77674,14512,77674,14512,,Off,0,Manual: B,20,0,0,0,0,
2022-12-06 14:18:49.852,,,,,77674,14512,,,,On,4,Manual: B,20,0,0,0,0,
2022-12-06 14:19:04.859,,,,,77674,14512,,,,Off,0,Manual: B,20,0,0,0,0,
2022-12-06 14:19:28.847,57,1,,AT22_NAV_01_0_1_S_24,77719,14489,,,,Off,0,Manual: B,20,0,0,0,0,
2022-12-06 14:19:28.847,,,,,77719,14489,,,0,Off,0,Manual: B,20,0,0,0,0,
2022-12-06 14:19:28.847,,,,,77719,14489,77719,14489,,Off,0,Manual: B,20,0,0,0,0,
2022-12-06 14:19:28.847,,,,,77719,14489,,,,On,4,Manual: B,20,0,0,0,0,
2022-12-06 14:19:43.896,,,,,77719,14489,,,,Off,0,Manual: B,20,0,0,0,0,
2022-12-06 14:20:07.509,58,1,,AT22_NAV_01_0_1_S_25,77750,14476,,,,Off,0,Manual: B,20,0,0,0,0,
2022-12-06 14:20:07.509,,,,,77750,14476,,,0,Off,0,Manual: B,20,0,0,0,0,
2022-12-06 14:20:07.509,,,,,77750,14476,77750,14476,,Off,0,Manual: B,20,0,0,0,0,
2022-12-06 14:20:07.509,,,,,77750,14476,,,,On,4,Manual: B,20,0,0,0,0,
2022-12-06 14:20:22.516,,,,,77750,14476,,,,Off,0,Manual: B,20,0,0,0,0,
2022-12-06 14:20:46.370,59,1,,AT22_NAV_01_0_1_S_26,77803,14522,,,,Off,0,Manual: B,20,0,0,0,0,
2022-12-06 14:20:46.370,,,,,77803,14522,,,0,Off,0,Manual: B,20,0,0,0,0,
2022-12-06 14:20:46.370,,,,,77803,14522,77803,14522,,Off,0,Manual: B,20,0,0,0,0,
2022-12-06 14:20:46.370,,,,,77803,14522,,,,On,4,Manual: B,20,0,0,0,0,
2022-12-06 14:21:01.440,,,,,77803,14522,,,,Off,0,Manual: B,20,0,0,0,0,
2022-12-06 14:21:25.154,60,1,,AT22_NAV_01_0_1_S_27,77840,14508,,,,Off,0,Manual: B,20,0,0,0,0,
2022-12-06 14:21:25.154,,,,,77840,14508,,,0,Off,0,Manual: B,20,0,0,0,0,
2022-12-06 14:21:25.154,,,,,77840,14508,77840,14508,,Off,0,Manual: B,20,0,0,0,0,
2022-12-06 14:21:25.154,,,,,77840,14508,,,,On,4,Manual: B,20,0,0,0,0,
2022-12-06 14:21:40.176,,,,,77840,14508,,,,Off,0,Manual: B,20,0,0,0,0,
2022-12-06 14:22:04.050,61,1,,AT22_NAV_01_0_1_S_28,77908,14491,,,,Off,0,Manual: B,20,0,0,0,0,
2022-12-06 14:22:04.050,,,,,77908,14491,,,0,Off,0,Manual: B,20,0,0,0,0,
2022-12-06 14:22:04.050,,,,,77908,14491,77908,14491,,Off,0,Manual: B,20,0,0,0,0,
2022-12-06 14:22:04.050,,,,,77908,14491,,,,On,4,Manual: B,20,0,0,0,0,
2022-12-06 14:22:19.051,,,,,77908,14491,,,,Off,0,Manual: B,20,0,0,0,0,
2022-12-06 14:22:42.964,62,1,,AT22_NAV_01_0_1_S_29,77972,14489,,,,Off,0,Manual: B,20,0,0,0,0,
2022-12-06 14:22:42.964,,,,,77972,14489,,,0,Off,0,Manual: B,20,0,0,0,0,
2022-12-06 14:22:42.964,,,,,77972,14489,77972,14489,,Off,0,Manual: B,20,0,0,0,0,
2022-12-06 14:22:42.964,,,,,77972,14489,,,,On,4,Manual: B,20,0,0,0,0,
2022-12-06 14:22:57.980,,,,,77972,14489,,,,Off,0,Manual: B,20,0,0,0,0,
2022-12-06 14:23:21.860,63,1,,AT22_NAV_01_0_1_S_30,78031,14480,,,,Off,0,Manual: B,20,0,0,0,0,
2022-12-06 14:23:21.860,,,,,78031,14480,,,0,Off,0,Manual: B,20,0,0,0,0,
2022-12-06 14:23:21.860,,,,,78031,14480,78031,14480,,Off,0,Manual: B,20,0,0,0,0,
2022-12-06 14:23:21.860,,,,,78031,14480,,,,On,4,Manual: B,20,0,0,0,0,
2022-12-06 14:23:37.133,,,,,78031,14480,,,,Off,0,Manual: B,20,0,0,0,0,
2022-12-06 14:24:00.741,64,1,,AT22_NAV_01_0_1_S_31,78066,14465,,,,Off,0,Manual: B,20,0,0,0,0,
2022-12-06 14:24:00.741,,,,,78066,14465,,,0,Off,0,Manual: B,20,0,0,0,0,
2022-12-06 14:24:00.741,,,,,78066,14465,78066,14465,,Off,0,Manual: B,20,0,0,0,0,
2022-12-06 14:24:00.741,,,,,78066,14465,,,,On,4,Manual: B,20,0,0,0,0,
2022-12-06 14:24:15.768,,,,,78066,14465,,,,Off,0,Manual: B,20,0,0,0,0,
2022-12-06 14:24:47.284,65,1,,91500_63,40834,47889,,,,Off,0,Manual: B,20,0,0,0,0,
2022-12-06 14:24:47.284,,,,,40834,47889,,,0,Off,0,Manual: B,20,0,0,0,0,
2022-12-06 14:24:47.284,,,,,40834,47889,40834,47889,,Off,0,Manual: B,20,0,0,0,0,
2022-12-06 14:24:47.284,,,,,40834,47889,,,,On,4,Manual: B,20,0,0,0,0,
2022-12-06 14:25:02.317,,,,,40834,47889,,,,Off,0,Manual: B,20,0,0,0,0,
2022-12-06 14:25:26.612,66,1,,OG1_10,39831,50766,,,,Off,0,Manual: B,20,0,0,0,0,
2022-12-06 14:25:26.612,,,,,39831,50766,,,0,Off,0,Manual: B,20,0,0,0,0,
2022-12-06 14:25:26.612,,,,,39831,50766,39831,50766,,Off,0,Manual: B,20,0,0,0,0,
2022-12-06 14:25:26.612,,,,,39831,50766,,,,On,4,Manual: B,20,0,0,0,0,
2022-12-06 14:25:41.681,,,,,39831,50766,,,,Off,0,Manual: B,20,0,0,0,0,
2022-12-06 14:26:13.209,67,1,,AT22_NAV_01_0_1_S_32,78100,14746,,,,Off,0,Manual: B,20,0,0,0,0,
2022-12-06 14:26:13.209,,,,,78100,14746,,,0,Off,0,Manual: B,20,0,0,0,0,
2022-12-06 14:26:13.209,,,,,78100,14746,78100,14746,,Off,0,Manual: B,20,0,0,0,0,
2022-12-06 14:26:13.209,,,,,78100,14746,,,,On,4,Manual: B,20,0,0,0,0,
2022-12-06 14:26:28.508,,,,,78100,14746,,,,Off,0,Manual: B,20,0,0,0,0,
2022-12-06 14:26:52.211,68,1,,AT22_NAV_01_0_1_S_33,77993,14683,,,,Off,0,Manual: B,20,0,0,0,0,
2022-12-06 14:26:52.211,,,,,77993,14683,,,0,Off,0,Manual: B,20,0,0,0,0,
2022-12-06 14:26:52.211,,,,,77993,14683,77993,14683,,Off,0,Manual: B,20,0,0,0,0,
2022-12-06 14:26:52.211,,,,,77993,14683,,,,On,4,Manual: B,20,0,0,0,0,
2022-12-06 14:27:07.294,,,,,77993,14683,,,,Off,0,Manual: B,20,0,0,0,0,
2022-12-06 14:27:31.191,69,1,,AT22_NAV_01_0_1_S_34,77927,14758,,,,Off,0,Manual: B,20,0,0,0,0,
2022-12-06 14:27:31.191,,,,,77927,14758,,,0,Off,0,Manual: B,20,0,0,0,0,
2022-12-06 14:27:31.191,,,,,77927,14758,77927,14758,,Off,0,Manual: B,20,0,0,0,0,
2022-12-06 14:27:31.191,,,,,77927,14758,,,,On,4,Manual: B,20,0,0,0,0,
2022-12-06 14:27:46.199,,,,,77927,14758,,,,Off,0,Manual: B,20,0,0,0,0,
2022-12-06 14:28:10.239,70,1,,AT22_NAV_01_0_1_S_35,77868,14746,,,,Off,0,Manual: B,20,0,0,0,0,
2022-12-06 14:28:10.239,,,,,77868,14746,,,0,Off,0,Manual: B,20,0,0,0,0,
2022-12-06 14:28:10.239,,,,,77868,14746,77868,14746,,Off,0,Manual: B,20,0,0,0,0,
2022-12-06 14:28:10.239,,,,,77868,14746,,,,On,4,Manual: B,20,0,0,0,0,
2022-12-06 14:28:25.264,,,,,77868,14746,,,,Off,0,Manual: B,20,0,0,0,0,
2022-12-06 14:28:49.516,71,1,,AT22_NAV_01_0_1_S_36,77755,14759,,,,Off,0,Manual: B,20,0,0,0,0,
2022-12-06 14:28:49.516,,,,,77755,14759,,,0,Off,0,Manual: B,20,0,0,0,0,
2022-12-06 14:28:49.516,,,,,77755,14759,77755,14759,,Off,0,Manual: B,20,0,0,0,0,
2022-12-06 14:28:49.516,,,,,77755,14759,,,,On,4,Manual: B,20,0,0,0,0,
2022-12-06 14:29:04.548,,,,,77755,14759,,,,Off,0,Manual: B,20,0,0,0,0,
2022-12-06 14:29:28.353,72,1,,AT22_NAV_01_0_1_S_37,77688,14780,,,,Off,0,Manual: B,20,0,0,0,0,
2022-12-06 14:29:28.353,,,,,77688,14780,,,0,Off,0,Manual: B,20,0,0,0,0,
2022-12-06 14:29:28.353,,,,,77688,14780,77688,14780,,Off,0,Manual: B,20,0,0,0,0,
2022-12-06 14:29:28.353,,,,,77688,14780,,,,On,4,Manual: B,20,0,0,0,0,
2022-12-06 14:29:43.355,,,,,77688,14780,,,,Off,0,Manual: B,20,0,0,0,0,
2022-12-06 14:30:07.087,73,1,,AT22_NAV_01_0_1_S_38,77627,14772,,,,Off,0,Manual: B,20,0,0,0,0,
2022-12-06 14:30:07.087,,,,,77627,14772,,,0,Off,0,Manual: B,20,0,0,0,0,
2022-12-06 14:30:07.087,,,,,77627,14772,77627,14772,,Off,0,Manual: B,20,0,0,0,0,
2022-12-06 14:30:07.087,,,,,77627,14772,,,,On,4,Manual: B,20,0,0,0,0,
2022-12-06 14:30:22.108,,,,,77627,14772,,,,Off,0,Manual: B,20,0,0,0,0,
2022-12-06 14:30:46.061,74,1,,AT22_NAV_01_0_1_S_39,77586,14753,,,,Off,0,Manual: B,20,0,0,0,0,
2022-12-06 14:30:46.061,,,,,77586,14753,,,0,Off,0,Manual: B,20,0,0,0,0,
2022-12-06 14:30:46.061,,,,,77586,14753,77586,14753,,Off,0,Manual: B,20,0,0,0,0,
2022-12-06 14:30:46.061,,,,,77586,14753,,,,On,4,Manual: B,20,0,0,0,0,
2022-12-06 14:31:01.116,,,,,77586,14753,,,,Off,0,Manual: B,20,0,0,0,0,
2022-12-06 14:31:25.248,75,1,,AT22_NAV_01_0_1_S_40,77518,14768,,,,Off,0,Manual: B,20,0,0,0,0,
2022-12-06 14:31:25.248,,,,,77518,14768,,,0,Off,0,Manual: B,20,0,0,0,0,
2022-12-06 14:31:25.248,,,,,77518,14768,77518,14768,,Off,0,Manual: B,20,0,0,0,0,
2022-12-06 14:31:25.248,,,,,77518,14768,,,,On,4,Manual: B,20,0,0,0,0,
2022-12-06 14:31:40.285,,,,,77518,14768,,,,Off,0,Manual: B,20,0,0,0,0,
2022-12-06 14:32:04.366,76,1,,AT22_NAV_01_0_1_S_41,77473,14778,,,,Off,0,Manual: B,20,0,0,0,0,
2022-12-06 14:32:04.366,,,,,77473,14778,,,0,Off,0,Manual: B,20,0,0,0,0,
2022-12-06 14:32:04.366,,,,,77473,14778,77473,14778,,Off,0,Manual: B,20,0,0,0,0,
2022-12-06 14:32:04.366,,,,,77473,14778,,,,On,4,Manual: B,20,0,0,0,0,
2022-12-06 14:32:19.407,,,,,77473,14778,,,,Off,0,Manual: B,20,0,0,0,0,
2022-12-06 14:32:43.059,77,1,,AT22_NAV_01_0_1_S_42,77359,14796,,,,Off,0,Manual: B,20,0,0,0,0,
2022-12-06 14:32:43.059,,,,,77359,14796,,,0,Off,0,Manual: B,20,0,0,0,0,
2022-12-06 14:32:43.059,,,,,77359,14796,77359,14796,,Off,0,Manual: B,20,0,0,0,0,
2022-12-06 14:32:43.059,,,,,77359,14796,,,,On,4,Manual: B,20,0,0,0,0,
2022-12-06 14:32:58.062,,,,,77359,14796,,,,Off,0,Manual: B,20,0,0,0,0,
2022-12-06 14:33:21.792,78,1,,AT22_NAV_01_0_1_S_43,77299,14745,,,,Off,0,Manual: B,20,0,0,0,0,
2022-12-06 14:33:21.792,,,,,77299,14745,,,0,Off,0,Manual: B,20,0,0,0,0,
2022-12-06 14:33:21.792,,,,,77299,14745,77299,14745,,Off,0,Manual: B,20,0,0,0,0,
2022-12-06 14:33:21.792,,,,,77299,14745,,,,On,4,Manual: B,20,0,0,0,0,
2022-12-06 14:33:36.796,,,,,77299,14745,,,,Off,0,Manual: B,20,0,0,0,0,
2022-12-06 14:34:00.578,79,1,,AT22_NAV_01_0_1_S_44,77226,14763,,,,Off,0,Manual: B,20,0,0,0,0,
2022-12-06 14:34:00.578,,,,,77226,14763,,,0,Off,0,Manual: B,20,0,0,0,0,
2022-12-06 14:34:00.578,,,,,77226,14763,77226,14763,,Off,0,Manual: B,20,0,0,0,0,
2022-12-06 14:34:00.578,,,,,77226,14763,,,,On,4,Manual: B,20,0,0,0,0,
2022-12-06 14:34:15.608,,,,,77226,14763,,,,Off,0,Manual: B,20,0,0,0,0,
2022-12-06 14:34:39.633,80,1,,AT22_NAV_01_0_1_S_45,77168,14804,,,,Off,0,Manual: B,20,0,0,0,0,
2022-12-06 14:34:39.633,,,,,77168,14804,,,0,Off,0,Manual: B,20,0,0,0,0,
2022-12-06 14:34:39.633,,,,,77168,14804,77168,14804,,Off,0,Manual: B,20,0,0,0,0,
2022-12-06 14:34:39.633,,,,,77168,14804,,,,On,4,Manual: B,20,0,0,0,0,
2022-12-06 14:34:54.662,,,,,77168,14804,,,,Off,0,Manual: B,20,0,0,0,0,
2022-12-06 14:35:18.827,81,1,,AT22_NAV_01_0_1_S_46,77125,14798,,,,Off,0,Manual: B,20,0,0,0,0,
2022-12-06 14:35:18.827,,,,,77125,14798,,,0,Off,0,Manual: B,20,0,0,0,0,
2022-12-06 14:35:18.827,,,,,77125,14798,77125,14798,,Off,0,Manual: B,20,0,0,0,0,
2022-12-06 14:35:18.827,,,,,77125,14798,,,,On,4,Manual: B,20,0,0,0,0,
2022-12-06 14:35:33.829,,,,,77125,14798,,,,Off,0,Manual: B,20,0,0,0,0,
2022-12-06 14:36:05.170,82,1,,91500_64,40845,47987,,,,Off,0,Manual: B,20,0,0,0,0,
2022-12-06 14:36:05.170,,,,,40845,47987,,,0,Off,0,Manual: B,20,0,0,0,0,
2022-12-06 14:36:05.170,,,,,40845,47987,40845,47987,,Off,0,Manual: B,20,0,0,0,0,
2022-12-06 14:36:05.170,,,,,40845,47987,,,,On,4,Manual: B,20,0,0,0,0,
2022-12-06 14:36:20.235,,,,,40845,47987,,,,Off,0,Manual: B,20,0,0,0,0,
2022-12-06 14:36:47.682,83,1,,NIST612_34,58673,31774,,,,Off,0,Manual: B,20,0,0,0,0,
2022-12-06 14:36:47.682,,,,,58673,31774,,,0,Off,0,Manual: B,20,0,0,0,0,
2022-12-06 14:36:47.682,,,,,58673,31774,58673,31774,,Off,0,Manual: B,20,0,0,0,0,
2022-12-06 14:36:47.682,,,,,58673,31774,,,,On,4,Manual: B,20,0,0,0,0,
2022-12-06 14:37:02.687,,,,,58673,31774,,,,Off,0,Manual: B,20,0,0,0,0,
2022-12-06 14:37:30.289,84,1,,AT22_NAV_01_0_1_S_47,77083,14828,,,,Off,0,Manual: B,20,0,0,0,0,
2022-12-06 14:37:30.289,,,,,77083,14828,,,0,Off,0,Manual: B,20,0,0,0,0,
2022-12-06 14:37:30.289,,,,,77083,14828,77083,14828,,Off,0,Manual: B,20,0,0,0,0,
2022-12-06 14:37:30.289,,,,,77083,14828,,,,On,4,Manual: B,20,0,0,0,0,
2022-12-06 14:37:45.328,,,,,77083,14828,,,,Off,0,Manual: B,20,0,0,0,0,
2022-12-06 14:38:09.783,85,1,,AT22_NAV_01_0_1_S_48,77060,14876,,,,Off,0,Manual: B,20,0,0,0,0,
2022-12-06 14:38:09.783,,,,,77060,14876,,,0,Off,0,Manual: B,20,0,0,0,0,
2022-12-06 14:38:09.783,,,,,77060,14876,77060,14876,,Off,0,Manual: B,20,0,0,0,0,
2022-12-06 14:38:09.783,,,,,77060,14876,,,,On,4,Manual: B,20,0,0,0,0,
2022-12-06 14:38:24.791,,,,,77060,14876,,,,Off,0,Manual: B,20,0,0,0,0,
2022-12-06 14:38:48.516,86,1,,AT22_NAV_01_0_1_S_49,76984,14922,,,,Off,0,Manual: B,20,0,0,0,0,
2022-12-06 14:38:48.516,,,,,76984,14922,,,0,Off,0,Manual: B,20,0,0,0,0,
2022-12-06 14:38:48.516,,,,,76984,14922,76984,14922,,Off,0,Manual: B,20,0,0,0,0,
2022-12-06 14:38:48.516,,,,,76984,14922,,,,On,4,Manual: B,20,0,0,0,0,
2022-12-06 14:39:03.525,,,,,76984,14922,,,,Off,0,Manual: B,20,0,0,0,0,
2022-12-06 14:39:27.669,87,1,,AT22_NAV_01_0_1_S_50,76933,14842,,,,Off,0,Manual: B,20,0,0,0,0,
2022-12-06 14:39:27.669,,,,,76933,14842,,,0,Off,0,Manual: B,20,0,0,0,0,
2022-12-06 14:39:27.669,,,,,76933,14842,76933,14842,,Off,0,Manual: B,20,0,0,0,0,
2022-12-06 14:39:27.669,,,,,76933,14842,,,,On,4,Manual: B,20,0,0,0,0,
2022-12-06 14:39:42.691,,,,,76933,14842,,,,Off,0,Manual: B,20,0,0,0,0,
2022-12-06 14:40:06.408,88,1,,AT22_NAV_01_0_1_S_51,76872,14824,,,,Off,0,Manual: B,20,0,0,0,0,
2022-12-06 14:40:06.408,,,,,76872,14824,,,0,Off,0,Manual: B,20,0,0,0,0,
2022-12-06 14:40:06.408,,,,,76872,14824,76872,14824,,Off,0,Manual: B,20,0,0,0,0,
2022-12-06 14:40:06.408,,,,,76872,14824,,,,On,4,Manual: B,20,0,0,0,0,
2022-12-06 14:40:21.478,,,,,76872,14824,,,,Off,0,Manual: B,20,0,0,0,0,
2022-12-06 14:40:45.183,89,1,,AT22_NAV_01_0_1_S_52,76834,14796,,,,Off,0,Manual: B,20,0,0,0,0,
2022-12-06 14:40:45.183,,,,,76834,14796,,,0,Off,0,Manual: B,20,0,0,0,0,
2022-12-06 14:40:45.183,,,,,76834,14796,76834,14796,,Off,0,Manual: B,20,0,0,0,0,
2022-12-06 14:40:45.183,,,,,76834,14796,,,,On,4,Manual: B,20,0,0,0,0,
2022-12-06 14:41:00.365,,,,,76834,14796,,,,Off,0,Manual: B,20,0,0,0,0,
2022-12-06 14:41:24.361,90,1,,AT22_NAV_01_0_1_S_53,76797,14810,,,,Off,0,Manual: B,20,0,0,0,0,
2022-12-06 14:41:24.361,,,,,76797,14810,,,0,Off,0,Manual: B,20,0,0,0,0,
2022-12-06 14:41:24.361,,,,,76797,14810,76797,14810,,Off,0,Manual: B,20,0,0,0,0,
2022-12-06 14:41:24.361,,,,,76797,14810,,,,On,4,Manual: B,20,0,0,0,0,
2022-12-06 14:41:39.369,,,,,76797,14810,,,,Off,0,Manual: B,20,0,0,0,0,
2022-12-06 14:42:03.115,91,1,,AT22_NAV_01_0_1_S_54,76708,14820,,,,Off,0,Manual: B,20,0,0,0,0,
2022-12-06 14:42:03.115,,,,,76708,14820,,,0,Off,0,Manual: B,20,0,0,0,0,
2022-12-06 14:42:03.115,,,,,76708,14820,76708,14820,,Off,0,Manual: B,20,0,0,0,0,
2022-12-06 14:42:03.115,,,,,76708,14820,,,,On,4,Manual: B,20,0,0,0,0,
2022-12-06 14:42:18.189,,,,,76708,14820,,,,Off,0,Manual: B,20,0,0,0,0,
2022-12-06 14:42:42.086,92,1,,AT22_NAV_01_0_1_S_55,76582,14844,,,,Off,0,Manual: B,20,0,0,0,0,
2022-12-06 14:42:42.086,,,,,76582,14844,,,0,Off,0,Manual: B,20,0,0,0,0,
2022-12-06 14:42:42.086,,,,,76582,14844,76582,14844,,Off,0,Manual: B,20,0,0,0,0,
2022-12-06 14:42:42.086,,,,,76582,14844,,,,On,4,Manual: B,20,0,0,0,0,
2022-12-06 14:42:57.167,,,,,76582,14844,,,,Off,0,Manual: B,20,0,0,0,0,
2022-12-06 14:43:20.880,93,1,,AT22_NAV_01_0_1_S_56,76530,14851,,,,Off,0,Manual: B,20,0,0,0,0,
2022-12-06 14:43:20.880,,,,,76530,14851,,,0,Off,0,Manual: B,20,0,0,0,0,
2022-12-06 14:43:20.880,,,,,76530,14851,76530,14851,,Off,0,Manual: B,20,0,0,0,0,
2022-12-06 14:43:20.880,,,,,76530,14851,,,,On,4,Manual: B,20,0,0,0,0,
2022-12-06 14:43:35.937,,,,,76530,14851,,,,Off,0,Manual: B,20,0,0,0,0,
2022-12-06 14:44:00.037,94,1,,AT22_NAV_01_0_1_S_57,76497,14819,,,,Off,0,Manual: B,20,0,0,0,0,
2022-12-06 14:44:00.037,,,,,76497,14819,,,0,Off,0,Manual: B,20,0,0,0,0,
2022-12-06 14:44:00.037,,,,,76497,14819,76497,14819,,Off,0,Manual: B,20,0,0,0,0,
2022-12-06 14:44:00.037,,,,,76497,14819,,,,On,4,Manual: B,20,0,0,0,0,
2022-12-06 14:44:15.043,,,,,76497,14819,,,,Off,0,Manual: B,20,0,0,0,0,
2022-12-06 14:44:38.743,95,1,,AT22_NAV_01_0_1_S_58,76458,14829,,,,Off,0,Manual: B,20,0,0,0,0,
2022-12-06 14:44:38.743,,,,,76458,14829,,,0,Off,0,Manual: B,20,0,0,0,0,
2022-12-06 14:44:38.743,,,,,76458,14829,76458,14829,,Off,0,Manual: B,20,0,0,0,0,
2022-12-06 14:44:38.743,,,,,76458,14829,,,,On,4,Manual: B,20,0,0,0,0,
2022-12-06 14:44:53.784,,,,,76458,14829,,,,Off,0,Manual: B,20,0,0,0,0,
2022-12-06 14:45:17.474,96,1,,AT22_NAV_01_0_1_S_59,76407,14838,,,,Off,0,Manual: B,20,0,0,0,0,
2022-12-06 14:45:17.474,,,,,76407,14838,,,0,Off,0,Manual: B,20,0,0,0,0,
2022-12-06 14:45:17.474,,,,,76407,14838,76407,14838,,Off,0,Manual: B,20,0,0,0,0,
2022-12-06 14:45:17.474,,,,,76407,14838,,,,On,4,Manual: B,20,0,0,0,0,
2022-12-06 14:45:32.481,,,,,76407,14838,,,,Off,0,Manual: B,20,0,0,0,0,
2022-12-06 14:45:56.641,97,1,,AT22_NAV_01_0_1_S_60,76347,14870,,,,Off,0,Manual: B,20,0,0,0,0,
2022-12-06 14:45:56.641,,,,,76347,14870,,,0,Off,0,Manual: B,20,0,0,0,0,
2022-12-06 14:45:56.641,,,,,76347,14870,76347,14870,,Off,0,Manual: B,20,0,0,0,0,
2022-12-06 14:45:56.641,,,,,76347,14870,,,,On,4,Manual: B,20,0,0,0,0,
2022-12-06 14:46:11.664,,,,,76347,14870,,,,Off,0,Manual: B,20,0,0,0,0,
2022-12-06 14:46:35.547,98,1,,AT22_NAV_01_0_1_S_61,76236,14837,,,,Off,0,Manual: B,20,0,0,0,0,
2022-12-06 14:46:35.547,,,,,76236,14837,,,0,Off,0,Manual: B,20,0,0,0,0,
2022-12-06 14:46:35.547,,,,,76236,14837,76236,14837,,Off,0,Manual: B,20,0,0,0,0,
2022-12-06 14:46:35.547,,,,,76236,14837,,,,On,4,Manual: B,20,0,0,0,0,
2022-12-06 14:46:50.606,,,,,76236,14837,,,,Off,0,Manual: B,20,0,0,0,0,
2022-12-06 14:47:21.666,99,1,,91500_65,40788,47968,,,,Off,0,Manual: B,20,0,0,0,0,
2022-12-06 14:47:21.666,,,,,40788,47968,,,0,Off,0,Manual: B,20,0,0,0,0,
2022-12-06 14:47:21.666,,,,,40788,47968,40788,47968,,Off,0,Manual: B,20,0,0,0,0,
2022-12-06 14:47:21.666,,,,,40788,47968,,,,On,4,Manual: B,20,0,0,0,0,
2022-12-06 14:47:36.675,,,,,40788,47968,,,,Off,0,Manual: B,20,0,0,0,0,
2022-12-06 14:48:01.656,100,1,,Ples_11,40995,42939,,,,Off,0,Manual: B,20,0,0,0,0,
2022-12-06 14:48:01.656,,,,,40995,42939,,,0,Off,0,Manual: B,20,0,0,0,0,
2022-12-06 14:48:01.656,,,,,40995,42939,40995,42939,,Off,0,Manual: B,20,0,0,0,0,
2022-12-06 14:48:01.656,,,,,40995,42939,,,,On,4,Manual: B,20,0,0,0,0,
2022-12-06 14:48:16.719,,,,,40995,42939,,,,Off,0,Manual: B,20,0,0,0,0,
2022-12-06 14:48:47.654,101,1,,AT22_NAV_01_0_1_S_62,76249,15238,,,,Off,0,Manual: B,20,0,0,0,0,
2022-12-06 14:48:47.654,,,,,76249,15238,,,0,Off,0,Manual: B,20,0,0,0,0,
2022-12-06 14:48:47.654,,,,,76249,15238,76249,15238,,Off,0,Manual: B,20,0,0,0,0,
2022-12-06 14:48:47.654,,,,,76249,15238,,,,On,4,Manual: B,20,0,0,0,0,
2022-12-06 14:49:02.683,,,,,76249,15238,,,,Off,0,Manual: B,20,0,0,0,0,
2022-12-06 14:49:26.773,102,1,,AT22_NAV_01_0_1_S_63,76317,15243,,,,Off,0,Manual: B,20,0,0,0,0,
2022-12-06 14:49:26.773,,,,,76317,15243,,,0,Off,0,Manual: B,20,0,0,0,0,
2022-12-06 14:49:26.773,,,,,76317,15243,76317,15243,,Off,0,Manual: B,20,0,0,0,0,
2022-12-06 14:49:26.773,,,,,76317,15243,,,,On,4,Manual: B,20,0,0,0,0,
2022-12-06 14:49:41.824,,,,,76317,15243,,,,Off,0,Manual: B,20,0,0,0,0,
2022-12-06 14:50:06.072,103,1,,AT22_NAV_01_0_1_S_64,76402,15271,,,,Off,0,Manual: B,20,0,0,0,0,
2022-12-06 14:50:06.072,,,,,76402,15271,,,0,Off,0,Manual: B,20,0,0,0,0,
2022-12-06 14:50:06.072,,,,,76402,15271,76402,15271,,Off,0,Manual: B,20,0,0,0,0,
2022-12-06 14:50:06.072,,,,,76402,15271,,,,On,4,Manual: B,20,0,0,0,0,
2022-12-06 14:50:21.111,,,,,76402,15271,,,,Off,0,Manual: B,20,0,0,0,0,
2022-12-06 14:50:44.848,104,1,,AT22_NAV_01_0_1_S_65,76480,15283,,,,Off,0,Manual: B,20,0,0,0,0,
2022-12-06 14:50:44.848,,,,,76480,15283,,,0,Off,0,Manual: B,20,0,0,0,0,
2022-12-06 14:50:44.848,,,,,76480,15283,76480,15283,,Off,0,Manual: B,20,0,0,0,0,
2022-12-06 14:50:44.848,,,,,76480,15283,,,,On,4,Manual: B,20,0,0,0,0,
2022-12-06 14:50:59.919,,,,,76480,15283,,,,Off,0,Manual: B,20,0,0,0,0,
2022-12-06 14:51:23.499,105,1,,AT22_NAV_01_0_1_S_66,76548,15286,,,,Off,0,Manual: B,20,0,0,0,0,
2022-12-06 14:51:23.499,,,,,76548,15286,,,0,Off,0,Manual: B,20,0,0,0,0,
2022-12-06 14:51:23.499,,,,,76548,15286,76548,15286,,Off,0,Manual: B,20,0,0,0,0,
2022-12-06 14:51:23.499,,,,,76548,15286,,,,On,4,Manual: B,20,0,0,0,0,
2022-12-06 14:51:38.507,,,,,76548,15286,,,,Off,0,Manual: B,20,0,0,0,0,
2022-12-06 14:52:02.391,106,1,,AT22_NAV_01_0_1_S_67,76611,15238,,,,Off,0,Manual: B,20,0,0,0,0,
2022-12-06 14:52:02.391,,,,,76611,15238,,,0,Off,0,Manual: B,20,0,0,0,0,
2022-12-06 14:52:02.391,,,,,76611,15238,76611,15238,,Off,0,Manual: B,20,0,0,0,0,
2022-12-06 14:52:02.391,,,,,76611,15238,,,,On,4,Manual: B,20,0,0,0,0,
2022-12-06 14:52:17.393,,,,,76611,15238,,,,Off,0,Manual: B,20,0,0,0,0,
2022-12-06 14:52:41.344,107,1,,AT22_NAV_01_0_1_S_68,76672,15266,,,,Off,0,Manual: B,20,0,0,0,0,
2022-12-06 14:52:41.344,,,,,76672,15266,,,0,Off,0,Manual: B,20,0,0,0,0,
2022-12-06 14:52:41.344,,,,,76672,15266,76672,15266,,Off,0,Manual: B,20,0,0,0,0,
2022-12-06 14:52:41.344,,,,,76672,15266,,,,On,4,Manual: B,20,0,0,0,0,
2022-12-06 14:52:56.418,,,,,76672,15266,,,,Off,0,Manual: B,20,0,0,0,0,
2022-12-06 14:53:20.079,108,1,,AT22_NAV_01_0_1_S_69,76751,15244,,,,Off,0,Manual: B,20,0,0,0,0,
2022-12-06 14:53:20.079,,,,,76751,15244,,,0,Off,0,Manual: B,20,0,0,0,0,
2022-12-06 14:53:20.079,,,,,76751,15244,76751,15244,,Off,0,Manual: B,20,0,0,0,0,
2022-12-06 14:53:20.079,,,,,76751,15244,,,,On,4,Manual: B,20,0,0,0,0,
2022-12-06 14:53:35.091,,,,,76751,15244,,,,Off,0,Manual: B,20,0,0,0,0,
2022-12-06 14:53:59.186,109,1,,AT22_NAV_01_0_1_S_70,76791,15238,,,,Off,0,Manual: B,20,0,0,0,0,
2022-12-06 14:53:59.186,,,,,76791,15238,,,0,Off,0,Manual: B,20,0,0,0,0,
2022-12-06 14:53:59.186,,,,,76791,15238,76791,15238,,Off,0,Manual: B,20,0,0,0,0,
2022-12-06 14:53:59.186,,,,,76791,15238,,,,On,4,Manual: B,20,0,0,0,0,
2022-12-06 14:54:14.196,,,,,76791,15238,,,,Off,0,Manual: B,20,0,0,0,0,
2022-12-06 14:54:38.092,110,1,,AT22_NAV_01_0_1_S_71,76851,15225,,,,Off,0,Manual: B,20,0,0,0,0,
2022-12-06 14:54:38.092,,,,,76851,15225,,,0,Off,0,Manual: B,20,0,0,0,0,
2022-12-06 14:54:38.092,,,,,76851,15225,76851,15225,,Off,0,Manual: B,20,0,0,0,0,
2022-12-06 14:54:38.092,,,,,76851,15225,,,,On,4,Manual: B,20,0,0,0,0,
2022-12-06 14:54:53.137,,,,,76851,15225,,,,Off,0,Manual: B,20,0,0,0,0,
2022-12-06 14:55:16.988,111,1,,AT22_NAV_01_0_1_S_72,76896,15200,,,,Off,0,Manual: B,20,0,0,0,0,
2022-12-06 14:55:16.988,,,,,76896,15200,,,0,Off,0,Manual: B,20,0,0,0,0,
2022-12-06 14:55:16.988,,,,,76896,15200,76896,15200,,Off,0,Manual: B,20,0,0,0,0,
2022-12-06 14:55:16.989,,,,,76896,15200,,,,On,4,Manual: B,20,0,0,0,0,
2022-12-06 14:55:31.994,,,,,76896,15200,,,,Off,0,Manual: B,20,0,0,0,0,
2022-12-06 14:55:55.728,112,1,,AT22_NAV_01_0_1_S_73,76964,15251,,,,Off,0,Manual: B,20,0,0,0,0,
2022-12-06 14:55:55.728,,,,,76964,15251,,,0,Off,0,Manual: B,20,0,0,0,0,
2022-12-06 14:55:55.728,,,,,76964,15251,76964,15251,,Off,0,Manual: B,20,0,0,0,0,
2022-12-06 14:55:55.728,,,,,76964,15251,,,,On,4,Manual: B,20,0,0,0,0,
2022-12-06 14:56:10.760,,,,,76964,15251,,,,Off,0,Manual: B,20,0,0,0,0,
2022-12-06 14:56:34.722,113,1,,AT22_NAV_01_0_1_S_74,76998,15281,,,,Off,0,Manual: B,20,0,0,0,0,
2022-12-06 14:56:34.722,,,,,76998,15281,,,0,Off,0,Manual: B,20,0,0,0,0,
2022-12-06 14:56:34.722,,,,,76998,15281,76998,15281,,Off,0,Manual: B,20,0,0,0,0,
2022-12-06 14:56:34.722,,,,,76998,15281,,,,On,4,Manual: B,20,0,0,0,0,
2022-12-06 14:56:49.744,,,,,76998,15281,,,,Off,0,Manual: B,20,0,0,0,0,
2022-12-06 14:57:14.024,114,1,,AT22_NAV_01_0_1_S_75,77065,15236,,,,Off,0,Manual: B,20,0,0,0,0,
2022-12-06 14:57:14.024,,,,,77065,15236,,,0,Off,0,Manual: B,20,0,0,0,0,
2022-12-06 14:57:14.024,,,,,77065,15236,77065,15236,,Off,0,Manual: B,20,0,0,0,0,
2022-12-06 14:57:14.025,,,,,77065,15236,,,,On,4,Manual: B,20,0,0,0,0,
2022-12-06 14:57:29.048,,,,,77065,15236,,,,Off,0,Manual: B,20,0,0,0,0,
2022-12-06 14:57:52.896,115,1,,AT22_NAV_01_0_1_S_76,77164,15250,,,,Off,0,Manual: B,20,0,0,0,0,
2022-12-06 14:57:52.896,,,,,77164,15250,,,0,Off,0,Manual: B,20,0,0,0,0,
2022-12-06 14:57:52.896,,,,,77164,15250,77164,15250,,Off,0,Manual: B,20,0,0,0,0,
2022-12-06 14:57:52.896,,,,,77164,15250,,,,On,4,Manual: B,20,0,0,0,0,
2022-12-06 14:58:07.903,,,,,77164,15250,,,,Off,0,Manual: B,20,0,0,0,0,
2022-12-06 14:58:38.986,116,1,,91500_66,40876,47961,,,,Off,0,Manual: B,20,0,0,0,0,
2022-12-06 14:58:38.986,,,,,40876,47961,,,0,Off,0,Manual: B,20,0,0,0,0,
2022-12-06 14:58:38.986,,,,,40876,47961,40876,47961,,Off,0,Manual: B,20,0,0,0,0,
2022-12-06 14:58:38.986,,,,,40876,47961,,,,On,4,Manual: B,20,0,0,0,0,
2022-12-06 14:58:54.000,,,,,40876,47961,,,,Off,0,Manual: B,20,0,0,0,0,
2022-12-06 14:59:21.002,117,1,,NIST612_35,58703,31774,,,,Off,0,Manual: B,20,0,0,0,0,
2022-12-06 14:59:21.002,,,,,58703,31774,,,0,Off,0,Manual: B,20,0,0,0,0,
2022-12-06 14:59:21.002,,,,,58703,31774,58703,31774,,Off,0,Manual: B,20,0,0,0,0,
2022-12-06 14:59:21.002,,,,,58703,31774,,,,On,4,Manual: B,20,0,0,0,0,
2022-12-06 14:59:36.027,,,,,58703,31774,,,,Off,0,Manual: B,20,0,0,0,0,
2022-12-06 15:00:03.857,118,1,,AT22_NAV_01_0_1_S_77,77268,15227,,,,Off,0,Manual: B,20,0,0,0,0,
2022-12-06 15:00:03.857,,,,,77268,15227,,,0,Off,0,Manual: B,20,0,0,0,0,
2022-12-06 15:00:03.857,,,,,77268,15227,77268,15227,,Off,0,Manual: B,20,0,0,0,0,
2022-12-06 15:00:03.857,,,,,77268,15227,,,,On,4,Manual: B,20,0,0,0,0,
2022-12-06 15:00:18.865,,,,,77268,15227,,,,Off,0,Manual: B,20,0,0,0,0,
2022-12-06 15:00:42.814,119,1,,AT22_NAV_01_0_1_S_78,77309,15263,,,,Off,0,Manual: B,20,0,0,0,0,
2022-12-06 15:00:42.814,,,,,77309,15263,,,0,Off,0,Manual: B,20,0,0,0,0,
2022-12-06 15:00:42.814,,,,,77309,15263,77309,15263,,Off,0,Manual: B,20,0,0,0,0,
2022-12-06 15:00:42.814,,,,,77309,15263,,,,On,4,Manual: B,20,0,0,0,0,
2022-12-06 15:00:57.967,,,,,77309,15263,,,,Off,0,Manual: B,20,0,0,0,0,
2022-12-06 15:01:21.739,120,1,,AT22_NAV_01_0_1_S_79,77346,15231,,,,Off,0,Manual: B,20,0,0,0,0,
2022-12-06 15:01:21.739,,,,,77346,15231,,,0,Off,0,Manual: B,20,0,0,0,0,
2022-12-06 15:01:21.739,,,,,77346,15231,77346,15231,,Off,0,Manual: B,20,0,0,0,0,
2022-12-06 15:01:21.739,,,,,77346,15231,,,,On,4,Manual: B,20,0,0,0,0,
2022-12-06 15:01:36.739,,,,,77346,15231,,,,Off,0,Manual: B,20,0,0,0,0,
2022-12-06 15:02:00.468,121,1,,AT22_NAV_01_0_1_S_80,77406,15234,,,,Off,0,Manual: B,20,0,0,0,0,
2022-12-06 15:02:00.468,,,,,77406,15234,,,0,Off,0,Manual: B,20,0,0,0,0,
2022-12-06 15:02:00.468,,,,,77406,15234,77406,15234,,Off,0,Manual: B,20,0,0,0,0,
2022-12-06 15:02:00.468,,,,,77406,15234,,,,On,4,Manual: B,20,0,0,0,0,
2022-12-06 15:02:15.487,,,,,77406,15234,,,,Off,0,Manual: B,20,0,0,0,0,
2022-12-06 15:02:39.206,122,1,,AT22_NAV_01_0_1_S_81,77446,15217,,,,Off,0,Manual: B,20,0,0,0,0,
2022-12-06 15:02:39.206,,,,,77446,15217,,,0,Off,0,Manual: B,20,0,0,0,0,
2022-12-06 15:02:39.206,,,,,77446,15217,77446,15217,,Off,0,Manual: B,20,0,0,0,0,
2022-12-06 15:02:39.206,,,,,77446,15217,,,,On,4,Manual: B,20,0,0,0,0,
2022-12-06 15:02:54.209,,,,,77446,15217,,,,Off,0,Manual: B,20,0,0,0,0,
2022-12-06 15:03:17.543,123,1,,AT22_NAV_01_0_1_S_82,77492,15230,,,,Off,0,Manual: B,20,0,0,0,0,
2022-12-06 15:03:17.543,,,,,77492,15230,,,0,Off,0,Manual: B,20,0,0,0,0,
2022-12-06 15:03:17.543,,,,,77492,15230,77492,15230,,Off,0,Manual: B,20,0,0,0,0,
2022-12-06 15:03:17.543,,,,,77492,15230,,,,On,4,Manual: B,20,0,0,0,0,
2022-12-06 15:03:32.622,,,,,77492,15230,,,,Off,0,Manual: B,20,0,0,0,0,
2022-12-06 15:03:56.258,124,1,,AT22_NAV_01_0_1_S_83,77539,15167,,,,Off,0,Manual: B,20,0,0,0,0,
2022-12-06 15:03:56.258,,,,,77539,15167,,,0,Off,0,Manual: B,20,0,0,0,0,
2022-12-06 15:03:56.258,,,,,77539,15167,77539,15167,,Off,0,Manual: B,20,0,0,0,0,
2022-12-06 15:03:56.258,,,,,77539,15167,,,,On,4,Manual: B,20,0,0,0,0,
2022-12-06 15:04:11.321,,,,,77539,15167,,,,Off,0,Manual: B,20,0,0,0,0,
2022-12-06 15:04:35.514,125,1,,AT22_NAV_01_0_1_S_84,77602,15179,,,,Off,0,Manual: B,20,0,0,0,0,
2022-12-06 15:04:35.514,,,,,77602,15179,,,0,Off,0,Manual: B,20,0,0,0,0,
2022-12-06 15:04:35.514,,,,,77602,15179,77602,15179,,Off,0,Manual: B,20,0,0,0,0,
2022-12-06 15:04:35.514,,,,,77602,15179,,,,On,4,Manual: B,20,0,0,0,0,
2022-12-06 15:04:50.543,,,,,77602,15179,,,,Off,0,Manual: B,20,0,0,0,0,
2022-12-06 15:05:14.447,126,1,,AT22_NAV_01_0_1_S_85,77676,15213,,,,Off,0,Manual: B,20,0,0,0,0,
2022-12-06 15:05:14.447,,,,,77676,15213,,,0,Off,0,Manual: B,20,0,0,0,0,
2022-12-06 15:05:14.447,,,,,77676,15213,77676,15213,,Off,0,Manual: B,20,0,0,0,0,
2022-12-06 15:05:14.447,,,,,77676,15213,,,,On,4,Manual: B,20,0,0,0,0,
2022-12-06 15:05:29.493,,,,,77676,15213,,,,Off,0,Manual: B,20,0,0,0,0,
2022-12-06 15:05:53.412,127,1,,AT22_NAV_01_0_1_S_86,77737,15236,,,,Off,0,Manual: B,20,0,0,0,0,
2022-12-06 15:05:53.412,,,,,77737,15236,,,0,Off,0,Manual: B,20,0,0,0,0,
2022-12-06 15:05:53.412,,,,,77737,15236,77737,15236,,Off,0,Manual: B,20,0,0,0,0,
2022-12-06 15:05:53.412,,,,,77737,15236,,,,On,4,Manual: B,20,0,0,0,0,
2022-12-06 15:06:08.486,,,,,77737,15236,,,,Off,0,Manual: B,20,0,0,0,0,
2022-12-06 15:06:32.175,128,1,,AT22_NAV_01_0_1_S_87,77824,15181,,,,Off,0,Manual: B,20,0,0,0,0,
2022-12-06 15:06:32.175,,,,,77824,15181,,,0,Off,0,Manual: B,20,0,0,0,0,
2022-12-06 15:06:32.175,,,,,77824,15181,77824,15181,,Off,0,Manual: B,20,0,0,0,0,
2022-12-06 15:06:32.175,,,,,77824,15181,,,,On,4,Manual: B,20,0,0,0,0,
2022-12-06 15:06:47.181,,,,,77824,15181,,,,Off,0,Manual: B,20,0,0,0,0,
2022-12-06 15:07:11.359,129,1,,AT22_NAV_01_0_1_S_88,77878,15161,,,,Off,0,Manual: B,20,0,0,0,0,
2022-12-06 15:07:11.359,,,,,77878,15161,,,0,Off,0,Manual: B,20,0,0,0,0,
2022-12-06 15:07:11.359,,,,,77878,15161,77878,15161,,Off,0,Manual: B,20,0,0,0,0,
2022-12-06 15:07:11.359,,,,,77878,15161,,,,On,4,Manual: B,20,0,0,0,0,
2022-12-06 15:07:26.384,,,,,77878,15161,,,,Off,0,Manual: B,20,0,0,0,0,
2022-12-06 15:07:50.299,130,1,,AT22_NAV_01_0_1_S_89,77942,15173,,,,Off,0,Manual: B,20,0,0,0,0,
2022-12-06 15:07:50.299,,,,,77942,15173,,,0,Off,0,Manual: B,20,0,0,0,0,
2022-12-06 15:07:50.299,,,,,77942,15173,77942,15173,,Off,0,Manual: B,20,0,0,0,0,
2022-12-06 15:07:50.299,,,,,77942,15173,,,,On,4,Manual: B,20,0,0,0,0,
2022-12-06 15:08:05.307,,,,,77942,15173,,,,Off,0,Manual: B,20,0,0,0,0,
2022-12-06 15:08:28.962,131,1,,AT22_NAV_01_0_1_S_90,78003,15156,,,,Off,0,Manual: B,20,0,0,0,0,
2022-12-06 15:08:28.962,,,,,78003,15156,,,0,Off,0,Manual: B,20,0,0,0,0,
2022-12-06 15:08:28.962,,,,,78003,15156,78003,15156,,Off,0,Manual: B,20,0,0,0,0,
2022-12-06 15:08:28.962,,,,,78003,15156,,,,On,4,Manual: B,20,0,0,0,0,
2022-12-06 15:08:43.963,,,,,78003,15156,,,,Off,0,Manual: B,20,0,0,0,0,
2022-12-06 15:09:07.903,132,1,,AT22_NAV_01_0_1_S_91,78047,15169,,,,Off,0,Manual: B,20,0,0,0,0,
2022-12-06 15:09:07.903,,,,,78047,15169,,,0,Off,0,Manual: B,20,0,0,0,0,
2022-12-06 15:09:07.903,,,,,78047,15169,78047,15169,,Off,0,Manual: B,20,0,0,0,0,
2022-12-06 15:09:07.903,,,,,78047,15169,,,,On,4,Manual: B,20,0,0,0,0,
2022-12-06 15:09:22.957,,,,,78047,15169,,,,Off,0,Manual: B,20,0,0,0,0,
2022-12-06 15:09:54.548,133,1,,91500_67,40830,47861,,,,Off,0,Manual: B,20,0,0,0,0,
2022-12-06 15:09:54.548,,,,,40830,47861,,,0,Off,0,Manual: B,20,0,0,0,0,
2022-12-06 15:09:54.548,,,,,40830,47861,40830,47861,,Off,0,Manual: B,20,0,0,0,0,
2022-12-06 15:09:54.548,,,,,40830,47861,,,,On,4,Manual: B,20,0,0,0,0,
2022-12-06 15:10:09.587,,,,,40830,47861,,,,Off,0,Manual: B,20,0,0,0,0,
2022-12-06 15:10:33.367,134,1,,GJ1_11,41327,46341,,,,Off,0,Manual: B,20,0,0,0,0,
2022-12-06 15:10:33.367,,,,,41327,46341,,,0,Off,0,Manual: B,20,0,0,0,0,
2022-12-06 15:10:33.367,,,,,41327,46341,41327,46341,,Off,0,Manual: B,20,0,0,0,0,
2022-12-06 15:10:33.367,,,,,41327,46341,,,,On,4,Manual: B,20,0,0,0,0,
2022-12-06 15:10:48.412,,,,,41327,46341,,,,Off,0,Manual: B,20,0,0,0,0,
2022-12-06 15:11:19.608,135,1,,AT22_NAV_01_0_1_S_92,78163,15182,,,,Off,0,Manual: B,20,0,0,0,0,
2022-12-06 15:11:19.608,,,,,78163,15182,,,0,Off,0,Manual: B,20,0,0,0,0,
2022-12-06 15:11:19.608,,,,,78163,15182,78163,15182,,Off,0,Manual: B,20,0,0,0,0,
2022-12-06 15:11:19.608,,,,,78163,15182,,,,On,4,Manual: B,20,0,0,0,0,
2022-12-06 15:11:34.739,,,,,78163,15182,,,,Off,0,Manual: B,20,0,0,0,0,
2022-12-06 15:11:58.419,136,1,,AT22_NAV_01_0_1_S_93,78183,15374,,,,Off,0,Manual: B,20,0,0,0,0,
2022-12-06 15:11:58.419,,,,,78183,15374,,,0,Off,0,Manual: B,20,0,0,0,0,
2022-12-06 15:11:58.419,,,,,78183,15374,78183,15374,,Off,0,Manual: B,20,0,0,0,0,
2022-12-06 15:11:58.419,,,,,78183,15374,,,,On,4,Manual: B,20,0,0,0,0,
2022-12-06 15:12:13.426,,,,,78183,15374,,,,Off,0,Manual: B,20,0,0,0,0,
2022-12-06 15:12:37.201,137,1,,AT22_NAV_01_0_1_S_94,78128,15387,,,,Off,0,Manual: B,20,0,0,0,0,
2022-12-06 15:12:37.201,,,,,78128,15387,,,0,Off,0,Manual: B,20,0,0,0,0,
2022-12-06 15:12:37.201,,,,,78128,15387,78128,15387,,Off,0,Manual: B,20,0,0,0,0,
2022-12-06 15:12:37.201,,,,,78128,15387,,,,On,4,Manual: B,20,0,0,0,0,
2022-12-06 15:12:52.212,,,,,78128,15387,,,,Off,0,Manual: B,20,0,0,0,0,
2022-12-06 15:13:16.354,138,1,,AT22_NAV_01_0_1_S_95,78063,15333,,,,Off,0,Manual: B,20,0,0,0,0,
2022-12-06 15:13:16.354,,,,,78063,15333,,,0,Off,0,Manual: B,20,0,0,0,0,
2022-12-06 15:13:16.354,,,,,78063,15333,78063,15333,,Off,0,Manual: B,20,0,0,0,0,
2022-12-06 15:13:16.354,,,,,78063,15333,,,,On,4,Manual: B,20,0,0,0,0,
2022-12-06 15:13:31.380,,,,,78063,15333,,,,Off,0,Manual: B,20,0,0,0,0,
2022-12-06 15:13:55.447,139,1,,AT22_NAV_01_0_1_S_96,77983,15373,,,,Off,0,Manual: B,20,0,0,0,0,
2022-12-06 15:13:55.447,,,,,77983,15373,,,0,Off,0,Manual: B,20,0,0,0,0,
2022-12-06 15:13:55.447,,,,,77983,15373,77983,15373,,Off,0,Manual: B,20,0,0,0,0,
2022-12-06 15:13:55.447,,,,,77983,15373,,,,On,4,Manual: B,20,0,0,0,0,
2022-12-06 15:14:10.453,,,,,77983,15373,,,,Off,0,Manual: B,20,0,0,0,0,
2022-12-06 15:14:34.202,140,1,,AT22_NAV_01_0_1_S_97,77905,15388,,,,Off,0,Manual: B,20,0,0,0,0,
2022-12-06 15:14:34.202,,,,,77905,15388,,,0,Off,0,Manual: B,20,0,0,0,0,
2022-12-06 15:14:34.202,,,,,77905,15388,77905,15388,,Off,0,Manual: B,20,0,0,0,0,
2022-12-06 15:14:34.202,,,,,77905,15388,,,,On,4,Manual: B,20,0,0,0,0,
2022-12-06 15:14:49.208,,,,,77905,15388,,,,Off,0,Manual: B,20,0,0,0,0,
2022-12-06 15:15:13.232,141,1,,AT22_NAV_01_0_1_S_98,77800,15356,,,,Off,0,Manual: B,20,0,0,0,0,
2022-12-06 15:15:13.232,,,,,77800,15356,,,0,Off,0,Manual: B,20,0,0,0,0,
2022-12-06 15:15:13.232,,,,,77800,15356,77800,15356,,Off,0,Manual: B,20,0,0,0,0,
2022-12-06 15:15:13.232,,,,,77800,15356,,,,On,4,Manual: B,20,0,0,0,0,
2022-12-06 15:15:28.290,,,,,77800,15356,,,,Off,0,Manual: B,20,0,0,0,0,
2022-12-06 15:15:52.275,142,1,,AT22_NAV_01_0_1_S_99,77749,15390,,,,Off,0,Manual: B,20,0,0,0,0,
2022-12-06 15:15:52.275,,,,,77749,15390,,,0,Off,0,Manual: B,20,0,0,0,0,
2022-12-06 15:15:52.275,,,,,77749,15390,77749,15390,,Off,0,Manual: B,20,0,0,0,0,
2022-12-06 15:15:52.275,,,,,77749,15390,,,,On,4,Manual: B,20,0,0,0,0,
2022-12-06 15:16:07.299,,,,,77749,15390,,,,Off,0,Manual: B,20,0,0,0,0,
2022-12-06 15:16:31.172,143,1,,AT22_NAV_01_0_1_S_100,77700,15404,,,,Off,0,Manual: B,20,0,0,0,0,
2022-12-06 15:16:31.172,,,,,77700,15404,,,0,Off,0,Manual: B,20,0,0,0,0,
2022-12-06 15:16:31.172,,,,,77700,15404,77700,15404,,Off,0,Manual: B,20,0,0,0,0,
2022-12-06 15:16:31.172,,,,,77700,15404,,,,On,4,Manual: B,20,0,0,0,0,
2022-12-06 15:16:46.178,,,,,77700,15404,,,,Off,0,Manual: B,20,0,0,0,0,
2022-12-06 15:17:10.155,144,1,,AT22_NAV_01_0_1_S_101,77622,15389,,,,Off,0,Manual: B,20,0,0,0,0,
2022-12-06 15:17:10.155,,,,,77622,15389,,,0,Off,0,Manual: B,20,0,0,0,0,
2022-12-06 15:17:10.155,,,,,77622,15389,77622,15389,,Off,0,Manual: B,20,0,0,0,0,
2022-12-06 15:17:10.155,,,,,77622,15389,,,,On,4,Manual: B,20,0,0,0,0,
2022-12-06 15:17:25.164,,,,,77622,15389,,,,Off,0,Manual: B,20,0,0,0,0,
2022-12-06 15:17:49.205,145,1,,AT22_NAV_01_0_1_S_102,77560,15361,,,,Off,0,Manual: B,20,0,0,0,0,
2022-12-06 15:17:49.205,,,,,77560,15361,,,0,Off,0,Manual: B,20,0,0,0,0,
2022-12-06 15:17:49.205,,,,,77560,15361,77560,15361,,Off,0,Manual: B,20,0,0,0,0,
2022-12-06 15:17:49.205,,,,,77560,15361,,,,On,4,Manual: B,20,0,0,0,0,
2022-12-06 15:18:04.254,,,,,77560,15361,,,,Off,0,Manual: B,20,0,0,0,0,
2022-12-06 15:18:28.016,146,1,,AT22_NAV_01_0_1_S_103,77500,15335,,,,Off,0,Manual: B,20,0,0,0,0,
2022-12-06 15:18:28.016,,,,,77500,15335,,,0,Off,0,Manual: B,20,0,0,0,0,
2022-12-06 15:18:28.016,,,,,77500,15335,77500,15335,,Off,0,Manual: B,20,0,0,0,0,
2022-12-06 15:18:28.016,,,,,77500,15335,,,,On,4,Manual: B,20,0,0,0,0,
2022-12-06 15:18:43.080,,,,,77500,15335,,,,Off,0,Manual: B,20,0,0,0,0,
2022-12-06 15:19:06.801,147,1,,AT22_NAV_01_0_1_S_104,77389,15386,,,,Off,0,Manual: B,20,0,0,0,0,
2022-12-06 15:19:06.801,,,,,77389,15386,,,0,Off,0,Manual: B,20,0,0,0,0,
2022-12-06 15:19:06.801,,,,,77389,15386,77389,15386,,Off,0,Manual: B,20,0,0,0,0,
2022-12-06 15:19:06.801,,,,,77389,15386,,,,On,4,Manual: B,20,0,0,0,0,
2022-12-06 15:19:21.883,,,,,77389,15386,,,,Off,0,Manual: B,20,0,0,0,0,
2022-12-06 15:19:45.532,148,1,,AT22_NAV_01_0_1_S_105,77326,15362,,,,Off,0,Manual: B,20,0,0,0,0,
2022-12-06 15:19:45.532,,,,,77326,15362,,,0,Off,0,Manual: B,20,0,0,0,0,
2022-12-06 15:19:45.532,,,,,77326,15362,77326,15362,,Off,0,Manual: B,20,0,0,0,0,
2022-12-06 15:19:45.532,,,,,77326,15362,,,,On,4,Manual: B,20,0,0,0,0,
2022-12-06 15:20:00.567,,,,,77326,15362,,,,Off,0,Manual: B,20,0,0,0,0,
2022-12-06 15:20:24.439,149,1,,AT22_NAV_01_0_1_S_106,77198,15345,,,,Off,0,Manual: B,20,0,0,0,0,
2022-12-06 15:20:24.439,,,,,77198,15345,,,0,Off,0,Manual: B,20,0,0,0,0,
2022-12-06 15:20:24.439,,,,,77198,15345,77198,15345,,Off,0,Manual: B,20,0,0,0,0,
2022-12-06 15:20:24.439,,,,,77198,15345,,,,On,4,Manual: B,20,0,0,0,0,
2022-12-06 15:20:39.446,,,,,77198,15345,,,,Off,0,Manual: B,20,0,0,0,0,
2022-12-06 15:21:10.544,150,1,,91500_68,40636,47934,,,,Off,0,Manual: B,20,0,0,0,0,
2022-12-06 15:21:10.544,,,,,40636,47934,,,0,Off,0,Manual: B,20,0,0,0,0,
2022-12-06 15:21:10.544,,,,,40636,47934,40636,47934,,Off,0,Manual: B,20,0,0,0,0,
2022-12-06 15:21:10.544,,,,,40636,47934,,,,On,4,Manual: B,20,0,0,0,0,
2022-12-06 15:21:25.582,,,,,40636,47934,,,,Off,0,Manual: B,20,0,0,0,0,
2022-12-06 15:21:52.744,151,1,,NIST612_36,58733,31775,,,,Off,0,Manual: B,20,0,0,0,0,
2022-12-06 15:21:52.744,,,,,58733,31775,,,0,Off,0,Manual: B,20,0,0,0,0,
2022-12-06 15:21:52.744,,,,,58733,31775,58733,31775,,Off,0,Manual: B,20,0,0,0,0,
2022-12-06 15:21:52.744,,,,,58733,31775,,,,On,4,Manual: B,20,0,0,0,0,
2022-12-06 15:22:07.774,,,,,58733,31775,,,,Off,0,Manual: B,20,0,0,0,0,
2022-12-06 15:22:35.458,152,1,,AT22_NAV_01_0_1_S_107,77154,15391,,,,Off,0,Manual: B,20,0,0,0,0,
2022-12-06 15:22:35.458,,,,,77154,15391,,,0,Off,0,Manual: B,20,0,0,0,0,
2022-12-06 15:22:35.458,,,,,77154,15391,77154,15391,,Off,0,Manual: B,20,0,0,0,0,
2022-12-06 15:22:35.458,,,,,77154,15391,,,,On,4,Manual: B,20,0,0,0,0,
2022-12-06 15:22:50.459,,,,,77154,15391,,,,Off,0,Manual: B,20,0,0,0,0,
2022-12-06 15:23:14.562,153,1,,AT22_NAV_01_0_1_S_108,77096,15382,,,,Off,0,Manual: B,20,0,0,0,0,
2022-12-06 15:23:14.562,,,,,77096,15382,,,0,Off,0,Manual: B,20,0,0,0,0,
2022-12-06 15:23:14.562,,,,,77096,15382,77096,15382,,Off,0,Manual: B,20,0,0,0,0,
2022-12-06 15:23:14.562,,,,,77096,15382,,,,On,4,Manual: B,20,0,0,0,0,
2022-12-06 15:23:29.584,,,,,77096,15382,,,,Off,0,Manual: B,20,0,0,0,0,
2022-12-06 15:23:53.714,154,1,,AT22_NAV_01_0_1_S_109,77041,15372,,,,Off,0,Manual: B,20,0,0,0,0,
2022-12-06 15:23:53.714,,,,,77041,15372,,,0,Off,0,Manual: B,20,0,0,0,0,
2022-12-06 15:23:53.714,,,,,77041,15372,77041,15372,,Off,0,Manual: B,20,0,0,0,0,
2022-12-06 15:23:53.714,,,,,77041,15372,,,,On,4,Manual: B,20,0,0,0,0,
2022-12-06 15:24:08.724,,,,,77041,15372,,,,Off,0,Manual: B,20,0,0,0,0,
2022-12-06 15:24:32.635,155,1,,AT22_NAV_01_0_1_S_110,76977,15404,,,,Off,0,Manual: B,20,0,0,0,0,
2022-12-06 15:24:32.635,,,,,76977,15404,,,0,Off,0,Manual: B,20,0,0,0,0,
2022-12-06 15:24:32.635,,,,,76977,15404,76977,15404,,Off,0,Manual: B,20,0,0,0,0,
2022-12-06 15:24:32.635,,,,,76977,15404,,,,On,4,Manual: B,20,0,0,0,0,
2022-12-06 15:24:47.658,,,,,76977,15404,,,,Off,0,Manual: B,20,0,0,0,0,
2022-12-06 15:25:11.434,156,1,,AT22_NAV_01_0_1_S_111,76885,15433,,,,Off,0,Manual: B,20,0,0,0,0,
2022-12-06 15:25:11.434,,,,,76885,15433,,,0,Off,0,Manual: B,20,0,0,0,0,
2022-12-06 15:25:11.434,,,,,76885,15433,76885,15433,,Off,0,Manual: B,20,0,0,0,0,
2022-12-06 15:25:11.434,,,,,76885,15433,,,,On,4,Manual: B,20,0,0,0,0,
2022-12-06 15:25:26.442,,,,,76885,15433,,,,Off,0,Manual: B,20,0,0,0,0,
2022-12-06 15:25:50.299,157,1,,AT22_NAV_01_0_1_S_112,76802,15404,,,,Off,0,Manual: B,20,0,0,0,0,
2022-12-06 15:25:50.299,,,,,76802,15404,,,0,Off,0,Manual: B,20,0,0,0,0,
2022-12-06 15:25:50.299,,,,,76802,15404,76802,15404,,Off,0,Manual: B,20,0,0,0,0,
2022-12-06 15:25:50.299,,,,,76802,15404,,,,On,4,Manual: B,20,0,0,0,0,
2022-12-06 15:26:05.301,,,,,76802,15404,,,,Off,0,Manual: B,20,0,0,0,0,
2022-12-06 15:26:29.080,158,1,,AT22_NAV_01_0_1_S_113,76752,15380,,,,Off,0,Manual: B,20,0,0,0,0,
2022-12-06 15:26:29.080,,,,,76752,15380,,,0,Off,0,Manual: B,20,0,0,0,0,
2022-12-06 15:26:29.080,,,,,76752,15380,76752,15380,,Off,0,Manual: B,20,0,0,0,0,
2022-12-06 15:26:29.080,,,,,76752,15380,,,,On,4,Manual: B,20,0,0,0,0,
2022-12-06 15:26:44.086,,,,,76752,15380,,,,Off,0,Manual: B,20,0,0,0,0,
2022-12-06 15:27:07.951,159,1,,AT22_NAV_01_0_1_S_114,76680,15426,,,,Off,0,Manual: B,20,0,0,0,0,
2022-12-06 15:27:07.951,,,,,76680,15426,,,0,Off,0,Manual: B,20,0,0,0,0,
2022-12-06 15:27:07.951,,,,,76680,15426,76680,15426,,Off,0,Manual: B,20,0,0,0,0,
2022-12-06 15:27:07.952,,,,,76680,15426,,,,On,4,Manual: B,20,0,0,0,0,
2022-12-06 15:27:22.960,,,,,76680,15426,,,,Off,0,Manual: B,20,0,0,0,0,
2022-12-06 15:27:46.625,160,1,,AT22_NAV_01_0_1_S_115,76605,15428,,,,Off,0,Manual: B,20,0,0,0,0,
2022-12-06 15:27:46.625,,,,,76605,15428,,,0,Off,0,Manual: B,20,0,0,0,0,
2022-12-06 15:27:46.625,,,,,76605,15428,76605,15428,,Off,0,Manual: B,20,0,0,0,0,
2022-12-06 15:27:46.625,,,,,76605,15428,,,,On,4,Manual: B,20,0,0,0,0,
2022-12-06 15:28:01.630,,,,,76605,15428,,,,Off,0,Manual: B,20,0,0,0,0,
2022-12-06 15:28:25.302,161,1,,AT22_NAV_01_0_1_S_116,76517,15438,,,,Off,0,Manual: B,20,0,0,0,0,
2022-12-06 15:28:25.302,,,,,76517,15438,,,0,Off,0,Manual: B,20,0,0,0,0,
2022-12-06 15:28:25.302,,,,,76517,15438,76517,15438,,Off,0,Manual: B,20,0,0,0,0,
2022-12-06 15:28:25.302,,,,,76517,15438,,,,On,4,Manual: B,20,0,0,0,0,
2022-12-06 15:28:40.304,,,,,76517,15438,,,,Off,0,Manual: B,20,0,0,0,0,
2022-12-06 15:29:04.476,162,1,,AT22_NAV_01_0_1_S_117,76440,15411,,,,Off,0,Manual: B,20,0,0,0,0,
2022-12-06 15:29:04.476,,,,,76440,15411,,,0,Off,0,Manual: B,20,0,0,0,0,
2022-12-06 15:29:04.476,,,,,76440,15411,76440,15411,,Off,0,Manual: B,20,0,0,0,0,
2022-12-06 15:29:04.476,,,,,76440,15411,,,,On,4,Manual: B,20,0,0,0,0,
2022-12-06 15:29:19.594,,,,,76440,15411,,,,Off,0,Manual: B,20,0,0,0,0,
2022-12-06 15:29:43.281,163,1,,AT22_NAV_01_0_1_S_118,76366,15421,,,,Off,0,Manual: B,20,0,0,0,0,
2022-12-06 15:29:43.281,,,,,76366,15421,,,0,Off,0,Manual: B,20,0,0,0,0,
2022-12-06 15:29:43.281,,,,,76366,15421,76366,15421,,Off,0,Manual: B,20,0,0,0,0,
2022-12-06 15:29:43.281,,,,,76366,15421,,,,On,4,Manual: B,20,0,0,0,0,
2022-12-06 15:29:58.290,,,,,76366,15421,,,,Off,0,Manual: B,20,0,0,0,0,
2022-12-06 15:30:21.888,164,1,,AT22_NAV_01_0_1_S_119,76329,15411,,,,Off,0,Manual: B,20,0,0,0,0,
2022-12-06 15:30:21.888,,,,,76329,15411,,,0,Off,0,Manual: B,20,0,0,0,0,
2022-12-06 15:30:21.888,,,,,76329,15411,76329,15411,,Off,0,Manual: B,20,0,0,0,0,
2022-12-06 15:30:21.888,,,,,76329,15411,,,,On,4,Manual: B,20,0,0,0,0,
2022-12-06 15:30:36.899,,,,,76329,15411,,,,Off,0,Manual: B,20,0,0,0,0,
2022-12-06 15:31:00.810,165,1,,AT22_NAV_01_0_1_S_120,76264,15466,,,,Off,0,Manual: B,20,0,0,0,0,
2022-12-06 15:31:00.810,,,,,76264,15466,,,0,Off,0,Manual: B,20,0,0,0,0,
2022-12-06 15:31:00.810,,,,,76264,15466,76264,15466,,Off,0,Manual: B,20,0,0,0,0,
2022-12-06 15:31:00.810,,,,,76264,15466,,,,On,4,Manual: B,20,0,0,0,0,
2022-12-06 15:31:15.835,,,,,76264,15466,,,,Off,0,Manual: B,20,0,0,0,0,
2022-12-06 15:31:39.974,166,1,,AT22_NAV_01_0_1_S_121,76293,15871,,,,Off,0,Manual: B,20,0,0,0,0,
2022-12-06 15:31:39.974,,,,,76293,15871,,,0,Off,0,Manual: B,20,0,0,0,0,
2022-12-06 15:31:39.974,,,,,76293,15871,76293,15871,,Off,0,Manual: B,20,0,0,0,0,
2022-12-06 15:31:39.974,,,,,76293,15871,,,,On,4,Manual: B,20,0,0,0,0,
2022-12-06 15:31:54.978,,,,,76293,15871,,,,Off,0,Manual: B,20,0,0,0,0,
2022-12-06 15:32:25.898,167,1,,91500_69,40666,47941,,,,Off,0,Manual: B,20,0,0,0,0,
2022-12-06 15:32:25.898,,,,,40666,47941,,,0,Off,0,Manual: B,20,0,0,0,0,
2022-12-06 15:32:25.898,,,,,40666,47941,40666,47941,,Off,0,Manual: B,20,0,0,0,0,
2022-12-06 15:32:25.898,,,,,40666,47941,,,,On,4,Manual: B,20,0,0,0,0,
2022-12-06 15:32:40.945,,,,,40666,47941,,,,Off,0,Manual: B,20,0,0,0,0,
2022-12-06 15:33:05.339,168,1,,OG1_11,39919,50834,,,,Off,0,Manual: B,20,0,0,0,0,
2022-12-06 15:33:05.339,,,,,39919,50834,,,0,Off,0,Manual: B,20,0,0,0,0,
2022-12-06 15:33:05.339,,,,,39919,50834,39919,50834,,Off,0,Manual: B,20,0,0,0,0,
2022-12-06 15:33:05.339,,,,,39919,50834,,,,On,4,Manual: B,20,0,0,0,0,
2022-12-06 15:33:20.349,,,,,39919,50834,,,,Off,0,Manual: B,20,0,0,0,0,
2022-12-06 15:33:51.685,169,1,,AT22_NAV_01_0_1_S_122,76367,15865,,,,Off,0,Manual: B,20,0,0,0,0,
2022-12-06 15:33:51.685,,,,,76367,15865,,,0,Off,0,Manual: B,20,0,0,0,0,
2022-12-06 15:33:51.685,,,,,76367,15865,76367,15865,,Off,0,Manual: B,20,0,0,0,0,
2022-12-06 15:33:51.685,,,,,76367,15865,,,,On,4,Manual: B,20,0,0,0,0,
2022-12-06 15:34:06.690,,,,,76367,15865,,,,Off,0,Manual: B,20,0,0,0,0,
2022-12-06 15:34:30.703,170,1,,AT22_NAV_01_0_1_S_123,76416,15877,,,,Off,0,Manual: B,20,0,0,0,0,
2022-12-06 15:34:30.703,,,,,76416,15877,,,0,Off,0,Manual: B,20,0,0,0,0,
2022-12-06 15:34:30.703,,,,,76416,15877,76416,15877,,Off,0,Manual: B,20,0,0,0,0,
2022-12-06 15:34:30.703,,,,,76416,15877,,,,On,4,Manual: B,20,0,0,0,0,
2022-12-06 15:34:45.707,,,,,76416,15877,,,,Off,0,Manual: B,20,0,0,0,0,
2022-12-06 15:35:09.698,171,1,,AT22_NAV_01_0_1_S_124,76476,15823,,,,Off,0,Manual: B,20,0,0,0,0,
2022-12-06 15:35:09.698,,,,,76476,15823,,,0,Off,0,Manual: B,20,0,0,0,0,
2022-12-06 15:35:09.698,,,,,76476,15823,76476,15823,,Off,0,Manual: B,20,0,0,0,0,
2022-12-06 15:35:09.698,,,,,76476,15823,,,,On,4,Manual: B,20,0,0,0,0,
2022-12-06 15:35:24.742,,,,,76476,15823,,,,Off,0,Manual: B,20,0,0,0,0,
2022-12-06 15:35:48.833,172,1,,AT22_NAV_01_0_1_S_125,76530,15823,,,,Off,0,Manual: B,20,0,0,0,0,
2022-12-06 15:35:48.833,,,,,76530,15823,,,0,Off,0,Manual: B,20,0,0,0,0,
2022-12-06 15:35:48.833,,,,,76530,15823,76530,15823,,Off,0,Manual: B,20,0,0,0,0,
2022-12-06 15:35:48.833,,,,,76530,15823,,,,On,4,Manual: B,20,0,0,0,0,
2022-12-06 15:36:03.851,,,,,76530,15823,,,,Off,0,Manual: B,20,0,0,0,0,
2022-12-06 15:36:27.829,173,1,,AT22_NAV_01_0_1_S_126,76553,15889,,,,Off,0,Manual: B,20,0,0,0,0,
2022-12-06 15:36:27.829,,,,,76553,15889,,,0,Off,0,Manual: B,20,0,0,0,0,
2022-12-06 15:36:27.829,,,,,76553,15889,76553,15889,,Off,0,Manual: B,20,0,0,0,0,
2022-12-06 15:36:27.829,,,,,76553,15889,,,,On,4,Manual: B,20,0,0,0,0,
2022-12-06 15:36:42.834,,,,,76553,15889,,,,Off,0,Manual: B,20,0,0,0,0,
2022-12-06 15:37:06.534,174,1,,AT22_NAV_01_0_1_S_127,76652,15902,,,,Off,0,Manual: B,20,0,0,0,0,
2022-12-06 15:37:06.534,,,,,76652,15902,,,0,Off,0,Manual: B,20,0,0,0,0,
2022-12-06 15:37:06.534,,,,,76652,15902,76652,15902,,Off,0,Manual: B,20,0,0,0,0,
2022-12-06 15:37:06.534,,,,,76652,15902,,,,On,4,Manual: B,20,0,0,0,0,
2022-12-06 15:37:21.558,,,,,76652,15902,,,,Off,0,Manual: B,20,0,0,0,0,
2022-12-06 15:37:45.263,175,1,,AT22_NAV_01_0_1_S_128,76713,15901,,,,Off,0,Manual: B,20,0,0,0,0,
2022-12-06 15:37:45.263,,,,,76713,15901,,,0,Off,0,Manual: B,20,0,0,0,0,
2022-12-06 15:37:45.263,,,,,76713,15901,76713,15901,,Off,0,Manual: B,20,0,0,0,0,
2022-12-06 15:37:45.263,,,,,76713,15901,,,,On,4,Manual: B,20,0,0,0,0,
2022-12-06 15:38:00.337,,,,,76713,15901,,,,Off,0,Manual: B,20,0,0,0,0,
2022-12-06 15:38:24.387,176,1,,AT22_NAV_01_0_1_S_129,76764,15893,,,,Off,0,Manual: B,20,0,0,0,0,
2022-12-06 15:38:24.387,,,,,76764,15893,,,0,Off,0,Manual: B,20,0,0,0,0,
2022-12-06 15:38:24.387,,,,,76764,15893,76764,15893,,Off,0,Manual: B,20,0,0,0,0,
2022-12-06 15:38:24.387,,,,,76764,15893,,,,On,4,Manual: B,20,0,0,0,0,
2022-12-06 15:38:39.441,,,,,76764,15893,,,,Off,0,Manual: B,20,0,0,0,0,
2022-12-06 15:39:03.143,177,1,,AT22_NAV_01_0_1_S_130,76826,15903,,,,Off,0,Manual: B,20,0,0,0,0,
2022-12-06 15:39:03.143,,,,,76826,15903,,,0,Off,0,Manual: B,20,0,0,0,0,
2022-12-06 15:39:03.143,,,,,76826,15903,76826,15903,,Off,0,Manual: B,20,0,0,0,0,
2022-12-06 15:39:03.143,,,,,76826,15903,,,,On,4,Manual: B,20,0,0,0,0,
2022-12-06 15:39:18.195,,,,,76826,15903,,,,Off,0,Manual: B,20,0,0,0,0,
2022-12-06 15:39:42.211,178,1,,AT22_NAV_01_0_1_S_131,76891,15873,,,,Off,0,Manual: B,20,0,0,0,0,
2022-12-06 15:39:42.211,,,,,76891,15873,,,0,Off,0,Manual: B,20,0,0,0,0,
2022-12-06 15:39:42.211,,,,,76891,15873,76891,15873,,Off,0,Manual: B,20,0,0,0,0,
2022-12-06 15:39:42.211,,,,,76891,15873,,,,On,4,Manual: B,20,0,0,0,0,
2022-12-06 15:39:57.217,,,,,76891,15873,,,,Off,0,Manual: B,20,0,0,0,0,
2022-12-06 15:40:20.999,179,1,,AT22_NAV_01_0_1_S_132,76972,15888,,,,Off,0,Manual: B,20,0,0,0,0,
2022-12-06 15:40:20.999,,,,,76972,15888,,,0,Off,0,Manual: B,20,0,0,0,0,
2022-12-06 15:40:20.999,,,,,76972,15888,76972,15888,,Off,0,Manual: B,20,0,0,0,0,
2022-12-06 15:40:20.999,,,,,76972,15888,,,,On,4,Manual: B,20,0,0,0,0,
2022-12-06 15:40:36.010,,,,,76972,15888,,,,Off,0,Manual: B,20,0,0,0,0,
2022-12-06 15:40:59.885,180,1,,AT22_NAV_01_0_1_S_133,77013,15876,,,,Off,0,Manual: B,20,0,0,0,0,
2022-12-06 15:40:59.885,,,,,77013,15876,,,0,Off,0,Manual: B,20,0,0,0,0,
2022-12-06 15:40:59.885,,,,,77013,15876,77013,15876,,Off,0,Manual: B,20,0,0,0,0,
2022-12-06 15:40:59.885,,,,,77013,15876,,,,On,4,Manual: B,20,0,0,0,0,
2022-12-06 15:41:14.895,,,,,77013,15876,,,,Off,0,Manual: B,20,0,0,0,0,
2022-12-06 15:41:39.008,181,1,,AT22_NAV_01_0_1_S_134,77086,15904,,,,Off,0,Manual: B,20,0,0,0,0,
2022-12-06 15:41:39.008,,,,,77086,15904,,,0,Off,0,Manual: B,20,0,0,0,0,
2022-12-06 15:41:39.008,,,,,77086,15904,77086,15904,,Off,0,Manual: B,20,0,0,0,0,
2022-12-06 15:41:39.008,,,,,77086,15904,,,,On,4,Manual: B,20,0,0,0,0,
2022-12-06 15:41:54.020,,,,,77086,15904,,,,Off,0,Manual: B,20,0,0,0,0,
2022-12-06 15:42:17.712,182,1,,AT22_NAV_01_0_1_S_135,77153,15826,,,,Off,0,Manual: B,20,0,0,0,0,
2022-12-06 15:42:17.712,,,,,77153,15826,,,0,Off,0,Manual: B,20,0,0,0,0,
2022-12-06 15:42:17.712,,,,,77153,15826,77153,15826,,Off,0,Manual: B,20,0,0,0,0,
2022-12-06 15:42:17.712,,,,,77153,15826,,,,On,4,Manual: B,20,0,0,0,0,
2022-12-06 15:42:32.787,,,,,77153,15826,,,,Off,0,Manual: B,20,0,0,0,0,
2022-12-06 15:42:56.610,183,1,,AT22_NAV_01_0_1_S_136,77226,15884,,,,Off,0,Manual: B,20,0,0,0,0,
2022-12-06 15:42:56.610,,,,,77226,15884,,,0,Off,0,Manual: B,20,0,0,0,0,
2022-12-06 15:42:56.610,,,,,77226,15884,77226,15884,,Off,0,Manual: B,20,0,0,0,0,
2022-12-06 15:42:56.610,,,,,77226,15884,,,,On,4,Manual: B,20,0,0,0,0,
2022-12-06 15:43:11.611,,,,,77226,15884,,,,Off,0,Manual: B,20,0,0,0,0,
2022-12-06 15:43:43.004,184,1,,91500_70,40696,47941,,,,Off,0,Manual: B,20,0,0,0,0,
2022-12-06 15:43:43.004,,,,,40696,47941,,,0,Off,0,Manual: B,20,0,0,0,0,
2022-12-06 15:43:43.004,,,,,40696,47941,40696,47941,,Off,0,Manual: B,20,0,0,0,0,
2022-12-06 15:43:43.004,,,,,40696,47941,,,,On,4,Manual: B,20,0,0,0,0,
2022-12-06 15:43:58.048,,,,,40696,47941,,,,Off,0,Manual: B,20,0,0,0,0,
2022-12-06 15:44:25.489,185,1,,NIST612_37,58598,31798,,,,Off,0,Manual: B,20,0,0,0,0,
2022-12-06 15:44:25.489,,,,,58598,31798,,,0,Off,0,Manual: B,20,0,0,0,0,
2022-12-06 15:44:25.489,,,,,58598,31798,58598,31798,,Off,0,Manual: B,20,0,0,0,0,
2022-12-06 15:44:25.489,,,,,58598,31798,,,,On,4,Manual: B,20,0,0,0,0,
2022-12-06 15:44:40.490,,,,,58598,31798,,,,Off,0,Manual: B,20,0,0,0,0,
2022-12-06 15:45:08.709,186,1,,AT22_NAV_01_0_1_S_137,77263,15902,,,,Off,0,Manual: B,20,0,0,0,0,
2022-12-06 15:45:08.709,,,,,77263,15902,,,0,Off,0,Manual: B,20,0,0,0,0,
2022-12-06 15:45:08.709,,,,,77263,15902,77263,15902,,Off,0,Manual: B,20,0,0,0,0,
2022-12-06 15:45:08.709,,,,,77263,15902,,,,On,4,Manual: B,20,0,0,0,0,
2022-12-06 15:45:23.748,,,,,77263,15902,,,,Off,0,Manual: B,20,0,0,0,0,
2022-12-06 15:45:47.586,187,1,,AT22_NAV_01_0_1_S_138,77361,15838,,,,Off,0,Manual: B,20,0,0,0,0,
2022-12-06 15:45:47.586,,,,,77361,15838,,,0,Off,0,Manual: B,20,0,0,0,0,
2022-12-06 15:45:47.586,,,,,77361,15838,77361,15838,,Off,0,Manual: B,20,0,0,0,0,
2022-12-06 15:45:47.586,,,,,77361,15838,,,,On,4,Manual: B,20,0,0,0,0,
2022-12-06 15:46:02.618,,,,,77361,15838,,,,Off,0,Manual: B,20,0,0,0,0,
2022-12-06 15:46:26.384,188,1,,AT22_NAV_01_0_1_S_139,77403,15897,,,,Off,0,Manual: B,20,0,0,0,0,
2022-12-06 15:46:26.384,,,,,77403,15897,,,0,Off,0,Manual: B,20,0,0,0,0,
2022-12-06 15:46:26.384,,,,,77403,15897,77403,15897,,Off,0,Manual: B,20,0,0,0,0,
2022-12-06 15:46:26.384,,,,,77403,15897,,,,On,4,Manual: B,20,0,0,0,0,
2022-12-06 15:46:41.386,,,,,77403,15897,,,,Off,0,Manual: B,20,0,0,0,0,
2022-12-06 15:47:05.154,189,1,,AT22_NAV_01_0_1_S_140,77461,15871,,,,Off,0,Manual: B,20,0,0,0,0,
2022-12-06 15:47:05.154,,,,,77461,15871,,,0,Off,0,Manual: B,20,0,0,0,0,
2022-12-06 15:47:05.154,,,,,77461,15871,77461,15871,,Off,0,Manual: B,20,0,0,0,0,
2022-12-06 15:47:05.154,,,,,77461,15871,,,,On,4,Manual: B,20,0,0,0,0,
2022-12-06 15:47:20.196,,,,,77461,15871,,,,Off,0,Manual: B,20,0,0,0,0,
2022-12-06 15:47:44.116,190,1,,AT22_NAV_01_0_1_S_141,77506,15860,,,,Off,0,Manual: B,20,0,0,0,0,
2022-12-06 15:47:44.116,,,,,77506,15860,,,0,Off,0,Manual: B,20,0,0,0,0,
2022-12-06 15:47:44.116,,,,,77506,15860,77506,15860,,Off,0,Manual: B,20,0,0,0,0,
2022-12-06 15:47:44.116,,,,,77506,15860,,,,On,4,Manual: B,20,0,0,0,0,
2022-12-06 15:47:59.151,,,,,77506,15860,,,,Off,0,Manual: B,20,0,0,0,0,
2022-12-06 15:48:22.949,191,1,,AT22_NAV_01_0_1_S_142,77583,15838,,,,Off,0,Manual: B,20,0,0,0,0,
2022-12-06 15:48:22.949,,,,,77583,15838,,,0,Off,0,Manual: B,20,0,0,0,0,
2022-12-06 15:48:22.949,,,,,77583,15838,77583,15838,,Off,0,Manual: B,20,0,0,0,0,
2022-12-06 15:48:22.949,,,,,77583,15838,,,,On,4,Manual: B,20,0,0,0,0,
2022-12-06 15:48:38.052,,,,,77583,15838,,,,Off,0,Manual: B,20,0,0,0,0,
2022-12-06 15:49:01.964,192,1,,AT22_NAV_01_0_1_S_143,77683,15815,,,,Off,0,Manual: B,20,0,0,0,0,
2022-12-06 15:49:01.964,,,,,77683,15815,,,0,Off,0,Manual: B,20,0,0,0,0,
2022-12-06 15:49:01.964,,,,,77683,15815,77683,15815,,Off,0,Manual: B,20,0,0,0,0,
2022-12-06 15:49:01.965,,,,,77683,15815,,,,On,4,Manual: B,20,0,0,0,0,
2022-12-06 15:49:16.990,,,,,77683,15815,,,,Off,0,Manual: B,20,0,0,0,0,
2022-12-06 15:49:40.886,193,1,,AT22_NAV_01_0_1_S_144,77721,15843,,,,Off,0,Manual: B,20,0,0,0,0,
2022-12-06 15:49:40.886,,,,,77721,15843,,,0,Off,0,Manual: B,20,0,0,0,0,
2022-12-06 15:49:40.886,,,,,77721,15843,77721,15843,,Off,0,Manual: B,20,0,0,0,0,
2022-12-06 15:49:40.886,,,,,77721,15843,,,,On,4,Manual: B,20,0,0,0,0,
2022-12-06 15:49:55.922,,,,,77721,15843,,,,Off,0,Manual: B,20,0,0,0,0,
2022-12-06 15:50:19.625,194,1,,AT22_NAV_01_0_1_S_145,77795,15840,,,,Off,0,Manual: B,20,0,0,0,0,
2022-12-06 15:50:19.625,,,,,77795,15840,,,0,Off,0,Manual: B,20,0,0,0,0,
2022-12-06 15:50:19.625,,,,,77795,15840,77795,15840,,Off,0,Manual: B,20,0,0,0,0,
2022-12-06 15:50:19.625,,,,,77795,15840,,,,On,4,Manual: B,20,0,0,0,0,
2022-12-06 15:50:34.633,,,,,77795,15840,,,,Off,0,Manual: B,20,0,0,0,0,
2022-12-06 15:50:58.887,195,1,,AT22_NAV_01_0_1_S_146,77843,15863,,,,Off,0,Manual: B,20,0,0,0,0,
2022-12-06 15:50:58.887,,,,,77843,15863,,,0,Off,0,Manual: B,20,0,0,0,0,
2022-12-06 15:50:58.887,,,,,77843,15863,77843,15863,,Off,0,Manual: B,20,0,0,0,0,
2022-12-06 15:50:58.887,,,,,77843,15863,,,,On,4,Manual: B,20,0,0,0,0,
2022-12-06 15:51:13.913,,,,,77843,15863,,,,Off,0,Manual: B,20,0,0,0,0,
2022-12-06 15:51:37.644,196,1,,AT22_NAV_01_0_1_S_147,77911,15811,,,,Off,0,Manual: B,20,0,0,0,0,
2022-12-06 15:51:37.644,,,,,77911,15811,,,0,Off,0,Manual: B,20,0,0,0,0,
2022-12-06 15:51:37.644,,,,,77911,15811,77911,15811,,Off,0,Manual: B,20,0,0,0,0,
2022-12-06 15:51:37.644,,,,,77911,15811,,,,On,4,Manual: B,20,0,0,0,0,
2022-12-06 15:51:52.741,,,,,77911,15811,,,,Off,0,Manual: B,20,0,0,0,0,
2022-12-06 15:52:16.438,197,1,,AT22_NAV_01_0_1_S_148,77975,15843,,,,Off,0,Manual: B,20,0,0,0,0,
2022-12-06 15:52:16.438,,,,,77975,15843,,,0,Off,0,Manual: B,20,0,0,0,0,
2022-12-06 15:52:16.438,,,,,77975,15843,77975,15843,,Off,0,Manual: B,20,0,0,0,0,
2022-12-06 15:52:16.438,,,,,77975,15843,,,,On,4,Manual: B,20,0,0,0,0,
2022-12-06 15:52:31.505,,,,,77975,15843,,,,Off,0,Manual: B,20,0,0,0,0,
2022-12-06 15:52:55.535,198,1,,AT22_NAV_01_0_1_S_149,78050,15830,,,,Off,0,Manual: B,20,0,0,0,0,
2022-12-06 15:52:55.535,,,,,78050,15830,,,0,Off,0,Manual: B,20,0,0,0,0,
2022-12-06 15:52:55.535,,,,,78050,15830,78050,15830,,Off,0,Manual: B,20,0,0,0,0,
2022-12-06 15:52:55.535,,,,,78050,15830,,,,On,4,Manual: B,20,0,0,0,0,
2022-12-06 15:53:10.551,,,,,78050,15830,,,,Off,0,Manual: B,20,0,0,0,0,
2022-12-06 15:53:34.510,199,1,,AT22_NAV_01_0_1_S_150,78125,15849,,,,Off,0,Manual: B,20,0,0,0,0,
2022-12-06 15:53:34.510,,,,,78125,15849,,,0,Off,0,Manual: B,20,0,0,0,0,
2022-12-06 15:53:34.510,,,,,78125,15849,78125,15849,,Off,0,Manual: B,20,0,0,0,0,
2022-12-06 15:53:34.510,,,,,78125,15849,,,,On,4,Manual: B,20,0,0,0,0,
2022-12-06 15:53:49.551,,,,,78125,15849,,,,Off,0,Manual: B,20,0,0,0,0,
2022-12-06 15:54:13.394,200,1,,AT22_NAV_01_0_1_S_151,78192,15815,,,,Off,0,Manual: B,20,0,0,0,0,
2022-12-06 15:54:13.394,,,,,78192,15815,,,0,Off,0,Manual: B,20,0,0,0,0,
2022-12-06 15:54:13.394,,,,,78192,15815,78192,15815,,Off,0,Manual: B,20,0,0,0,0,
2022-12-06 15:54:13.394,,,,,78192,15815,,,,On,4,Manual: B,20,0,0,0,0,
2022-12-06 15:54:28.421,,,,,78192,15815,,,,Off,0,Manual: B,20,0,0,0,0,
2022-12-06 15:54:59.820,201,1,,91500_71,40653,47964,,,,Off,0,Manual: B,20,0,0,0,0,
2022-12-06 15:54:59.820,,,,,40653,47964,,,0,Off,0,Manual: B,20,0,0,0,0,
2022-12-06 15:54:59.820,,,,,40653,47964,40653,47964,,Off,0,Manual: B,20,0,0,0,0,
2022-12-06 15:54:59.820,,,,,40653,47964,,,,On,4,Manual: B,20,0,0,0,0,
2022-12-06 15:55:15.102,,,,,40653,47964,,,,Off,0,Manual: B,20,0,0,0,0,
2022-12-06 15:55:39.658,202,1,,Ples_12,41025,42939,,,,Off,0,Manual: B,20,0,0,0,0,
2022-12-06 15:55:39.658,,,,,41025,42939,,,0,Off,0,Manual: B,20,0,0,0,0,
2022-12-06 15:55:39.658,,,,,41025,42939,41025,42939,,Off,0,Manual: B,20,0,0,0,0,
2022-12-06 15:55:39.658,,,,,41025,42939,,,,On,4,Manual: B,20,0,0,0,0,
2022-12-06 15:55:54.713,,,,,41025,42939,,,,Off,0,Manual: B,20,0,0,0,0,
2022-12-06 15:56:25.886,203,1,,AT22_NAV_01_0_1_S_152,78132,16013,,,,Off,0,Manual: B,20,0,0,0,0,
2022-12-06 15:56:25.886,,,,,78132,16013,,,0,Off,0,Manual: B,20,0,0,0,0,
2022-12-06 15:56:25.886,,,,,78132,16013,78132,16013,,Off,0,Manual: B,20,0,0,0,0,
2022-12-06 15:56:25.886,,,,,78132,16013,,,,On,4,Manual: B,20,0,0,0,0,
2022-12-06 15:56:40.888,,,,,78132,16013,,,,Off,0,Manual: B,20,0,0,0,0,
2022-12-06 15:57:04.849,204,1,,AT22_NAV_01_0_1_S_153,78031,16060,,,,Off,0,Manual: B,20,0,0,0,0,
2022-12-06 15:57:04.849,,,,,78031,16060,,,0,Off,0,Manual: B,20,0,0,0,0,
2022-12-06 15:57:04.849,,,,,78031,16060,78031,16060,,Off,0,Manual: B,20,0,0,0,0,
2022-12-06 15:57:04.849,,,,,78031,16060,,,,On,4,Manual: B,20,0,0,0,0,
2022-12-06 15:57:19.898,,,,,78031,16060,,,,Off,0,Manual: B,20,0,0,0,0,
2022-12-06 15:57:43.756,205,1,,AT22_NAV_01_0_1_S_154,77978,16060,,,,Off,0,Manual: B,20,0,0,0,0,
2022-12-06 15:57:43.756,,,,,77978,16060,,,0,Off,0,Manual: B,20,0,0,0,0,
2022-12-06 15:57:43.756,,,,,77978,16060,77978,16060,,Off,0,Manual: B,20,0,0,0,0,
2022-12-06 15:57:43.756,,,,,77978,16060,,,,On,4,Manual: B,20,0,0,0,0,
2022-12-06 15:57:58.769,,,,,77978,16060,,,,Off,0,Manual: B,20,0,0,0,0,
2022-12-06 15:58:22.696,206,1,,AT22_NAV_01_0_1_S_155,77921,16026,,,,Off,0,Manual: B,20,0,0,0,0,
2022-12-06 15:58:22.696,,,,,77921,16026,,,0,Off,0,Manual: B,20,0,0,0,0,
2022-12-06 15:58:22.696,,,,,77921,16026,77921,16026,,Off,0,Manual: B,20,0,0,0,0,
2022-12-06 15:58:22.696,,,,,77921,16026,,,,On,4,Manual: B,20,0,0,0,0,
2022-12-06 15:58:37.947,,,,,77921,16026,,,,Off,0,Manual: B,20,0,0,0,0,
2022-12-06 15:59:01.649,207,1,,AT22_NAV_01_0_1_S_156,77840,16005,,,,Off,0,Manual: B,20,0,0,0,0,
2022-12-06 15:59:01.649,,,,,77840,16005,,,0,Off,0,Manual: B,20,0,0,0,0,
2022-12-06 15:59:01.649,,,,,77840,16005,77840,16005,,Off,0,Manual: B,20,0,0,0,0,
2022-12-06 15:59:01.649,,,,,77840,16005,,,,On,4,Manual: B,20,0,0,0,0,
2022-12-06 15:59:16.654,,,,,77840,16005,,,,Off,0,Manual: B,20,0,0,0,0,
2022-12-06 15:59:40.549,208,1,,AT22_NAV_01_0_1_S_157,77764,16016,,,,Off,0,Manual: B,20,0,0,0,0,
2022-12-06 15:59:40.549,,,,,77764,16016,,,0,Off,0,Manual: B,20,0,0,0,0,
2022-12-06 15:59:40.549,,,,,77764,16016,77764,16016,,Off,0,Manual: B,20,0,0,0,0,
2022-12-06 15:59:40.549,,,,,77764,16016,,,,On,4,Manual: B,20,0,0,0,0,
2022-12-06 15:59:55.598,,,,,77764,16016,,,,Off,0,Manual: B,20,0,0,0,0,
2022-12-06 16:00:19.554,209,1,,AT22_NAV_01_0_1_S_158,77691,16013,,,,Off,0,Manual: B,20,0,0,0,0,
2022-12-06 16:00:19.554,,,,,77691,16013,,,0,Off,0,Manual: B,20,0,0,0,0,
2022-12-06 16:00:19.554,,,,,77691,16013,77691,16013,,Off,0,Manual: B,20,0,0,0,0,
2022-12-06 16:00:19.554,,,,,77691,16013,,,,On,4,Manual: B,20,0,0,0,0,
2022-12-06 16:00:34.559,,,,,77691,16013,,,,Off,0,Manual: B,20,0,0,0,0,
2022-12-06 16:00:58.402,210,1,,AT22_NAV_01_0_1_S_159,77638,16031,,,,Off,0,Manual: B,20,0,0,0,0,
2022-12-06 16:00:58.402,,,,,77638,16031,,,0,Off,0,Manual: B,20,0,0,0,0,
2022-12-06 16:00:58.402,,,,,77638,16031,77638,16031,,Off,0,Manual: B,20,0,0,0,0,
2022-12-06 16:00:58.402,,,,,77638,16031,,,,On,4,Manual: B,20,0,0,0,0,
2022-12-06 16:01:13.429,,,,,77638,16031,,,,Off,0,Manual: B,20,0,0,0,0,
2022-12-06 16:01:37.202,211,1,,AT22_NAV_01_0_1_S_160,77528,16017,,,,Off,0,Manual: B,20,0,0,0,0,
2022-12-06 16:01:37.202,,,,,77528,16017,,,0,Off,0,Manual: B,20,0,0,0,0,
2022-12-06 16:01:37.202,,,,,77528,16017,77528,16017,,Off,0,Manual: B,20,0,0,0,0,
2022-12-06 16:01:37.202,,,,,77528,16017,,,,On,4,Manual: B,20,0,0,0,0,
2022-12-06 16:01:52.204,,,,,77528,16017,,,,Off,0,Manual: B,20,0,0,0,0,
2022-12-06 16:02:16.085,212,1,,AT22_NAV_01_0_1_S_161,77455,16000,,,,Off,0,Manual: B,20,0,0,0,0,
2022-12-06 16:02:16.085,,,,,77455,16000,,,0,Off,0,Manual: B,20,0,0,0,0,
2022-12-06 16:02:16.085,,,,,77455,16000,77455,16000,,Off,0,Manual: B,20,0,0,0,0,
2022-12-06 16:02:16.085,,,,,77455,16000,,,,On,4,Manual: B,20,0,0,0,0,
2022-12-06 16:02:31.098,,,,,77455,16000,,,,Off,0,Manual: B,20,0,0,0,0,
2022-12-06 16:02:54.856,213,1,,AT22_NAV_01_0_1_S_162,77300,16041,,,,Off,0,Manual: B,20,0,0,0,0,
2022-12-06 16:02:54.856,,,,,77300,16041,,,0,Off,0,Manual: B,20,0,0,0,0,
2022-12-06 16:02:54.856,,,,,77300,16041,77300,16041,,Off,0,Manual: B,20,0,0,0,0,
2022-12-06 16:02:54.856,,,,,77300,16041,,,,On,4,Manual: B,20,0,0,0,0,
2022-12-06 16:03:09.882,,,,,77300,16041,,,,Off,0,Manual: B,20,0,0,0,0,
2022-12-06 16:03:33.670,214,1,,AT22_NAV_01_0_1_S_163,77215,16031,,,,Off,0,Manual: B,20,0,0,0,0,
2022-12-06 16:03:33.670,,,,,77215,16031,,,0,Off,0,Manual: B,20,0,0,0,0,
2022-12-06 16:03:33.670,,,,,77215,16031,77215,16031,,Off,0,Manual: B,20,0,0,0,0,
2022-12-06 16:03:33.670,,,,,77215,16031,,,,On,4,Manual: B,20,0,0,0,0,
2022-12-06 16:03:48.675,,,,,77215,16031,,,,Off,0,Manual: B,20,0,0,0,0,
2022-12-06 16:04:12.494,215,1,,AT22_NAV_01_0_1_S_164,77128,16010,,,,Off,0,Manual: B,20,0,0,0,0,
2022-12-06 16:04:12.494,,,,,77128,16010,,,0,Off,0,Manual: B,20,0,0,0,0,
2022-12-06 16:04:12.494,,,,,77128,16010,77128,16010,,Off,0,Manual: B,20,0,0,0,0,
2022-12-06 16:04:12.494,,,,,77128,16010,,,,On,4,Manual: B,20,0,0,0,0,
2022-12-06 16:04:27.525,,,,,77128,16010,,,,Off,0,Manual: B,20,0,0,0,0,
2022-12-06 16:04:51.359,216,1,,AT22_NAV_01_0_1_S_165,77062,16013,,,,Off,0,Manual: B,20,0,0,0,0,
2022-12-06 16:04:51.359,,,,,77062,16013,,,0,Off,0,Manual: B,20,0,0,0,0,
2022-12-06 16:04:51.359,,,,,77062,16013,77062,16013,,Off,0,Manual: B,20,0,0,0,0,
2022-12-06 16:04:51.359,,,,,77062,16013,,,,On,4,Manual: B,20,0,0,0,0,
2022-12-06 16:05:06.384,,,,,77062,16013,,,,Off,0,Manual: B,20,0,0,0,0,
2022-12-06 16:05:30.383,217,1,,AT22_NAV_01_0_1_S_166,76983,16050,,,,Off,0,Manual: B,20,0,0,0,0,
2022-12-06 16:05:30.383,,,,,76983,16050,,,0,Off,0,Manual: B,20,0,0,0,0,
2022-12-06 16:05:30.383,,,,,76983,16050,76983,16050,,Off,0,Manual: B,20,0,0,0,0,
2022-12-06 16:05:30.383,,,,,76983,16050,,,,On,4,Manual: B,20,0,0,0,0,
2022-12-06 16:05:45.406,,,,,76983,16050,,,,Off,0,Manual: B,20,0,0,0,0,
2022-12-06 16:06:16.796,218,1,,91500_72,40683,47964,,,,Off,0,Manual: B,20,0,0,0,0,
2022-12-06 16:06:16.796,,,,,40683,47964,,,0,Off,0,Manual: B,20,0,0,0,0,
2022-12-06 16:06:16.796,,,,,40683,47964,40683,47964,,Off,0,Manual: B,20,0,0,0,0,
2022-12-06 16:06:16.796,,,,,40683,47964,,,,On,4,Manual: B,20,0,0,0,0,
2022-12-06 16:06:31.819,,,,,40683,47964,,,,Off,0,Manual: B,20,0,0,0,0,
2022-12-06 16:06:59.057,219,1,,NIST612_38,58628,31798,,,,Off,0,Manual: B,20,0,0,0,0,
2022-12-06 16:06:59.057,,,,,58628,31798,,,0,Off,0,Manual: B,20,0,0,0,0,
2022-12-06 16:06:59.057,,,,,58628,31798,58628,31798,,Off,0,Manual: B,20,0,0,0,0,
2022-12-06 16:06:59.057,,,,,58628,31798,,,,On,4,Manual: B,20,0,0,0,0,
2022-12-06 16:07:14.120,,,,,58628,31798,,,,Off,0,Manual: B,20,0,0,0,0,
2022-12-06 16:07:41.768,220,1,,AT22_NAV_01_0_1_S_167,76906,16053,,,,Off,0,Manual: B,20,0,0,0,0,
2022-12-06 16:07:41.768,,,,,76906,16053,,,0,Off,0,Manual: B,20,0,0,0,0,
2022-12-06 16:07:41.768,,,,,76906,16053,76906,16053,,Off,0,Manual: B,20,0,0,0,0,
2022-12-06 16:07:41.768,,,,,76906,16053,,,,On,4,Manual: B,20,0,0,0,0,
2022-12-06 16:07:56.817,,,,,76906,16053,,,,Off,0,Manual: B,20,0,0,0,0,
2022-12-06 16:08:20.945,221,1,,AT22_NAV_01_0_1_S_168,76845,16036,,,,Off,0,Manual: B,20,0,0,0,0,
2022-12-06 16:08:20.945,,,,,76845,16036,,,0,Off,0,Manual: B,20,0,0,0,0,
2022-12-06 16:08:20.945,,,,,76845,16036,76845,16036,,Off,0,Manual: B,20,0,0,0,0,
2022-12-06 16:08:20.945,,,,,76845,16036,,,,On,4,Manual: B,20,0,0,0,0,
2022-12-06 16:08:35.951,,,,,76845,16036,,,,Off,0,Manual: B,20,0,0,0,0,
2022-12-06 16:08:59.739,222,1,,AT22_NAV_01_0_1_S_169,76786,16045,,,,Off,0,Manual: B,20,0,0,0,0,
2022-12-06 16:08:59.739,,,,,76786,16045,,,0,Off,0,Manual: B,20,0,0,0,0,
2022-12-06 16:08:59.739,,,,,76786,16045,76786,16045,,Off,0,Manual: B,20,0,0,0,0,
2022-12-06 16:08:59.739,,,,,76786,16045,,,,On,4,Manual: B,20,0,0,0,0,
2022-12-06 16:09:14.753,,,,,76786,16045,,,,Off,0,Manual: B,20,0,0,0,0,
2022-12-06 16:09:38.417,223,1,,AT22_NAV_01_0_1_S_170,76684,16035,,,,Off,0,Manual: B,20,0,0,0,0,
2022-12-06 16:09:38.417,,,,,76684,16035,,,0,Off,0,Manual: B,20,0,0,0,0,
2022-12-06 16:09:38.417,,,,,76684,16035,76684,16035,,Off,0,Manual: B,20,0,0,0,0,
2022-12-06 16:09:38.417,,,,,76684,16035,,,,On,4,Manual: B,20,0,0,0,0,
2022-12-06 16:09:53.419,,,,,76684,16035,,,,Off,0,Manual: B,20,0,0,0,0,
2022-12-06 16:10:17.155,224,1,,AT22_NAV_01_0_1_S_171,76633,16033,,,,Off,0,Manual: B,20,0,0,0,0,
2022-12-06 16:10:17.155,,,,,76633,16033,,,0,Off,0,Manual: B,20,0,0,0,0,
2022-12-06 16:10:17.155,,,,,76633,16033,76633,16033,,Off,0,Manual: B,20,0,0,0,0,
2022-12-06 16:10:17.155,,,,,76633,16033,,,,On,4,Manual: B,20,0,0,0,0,
2022-12-06 16:10:32.157,,,,,76633,16033,,,,Off,0,Manual: B,20,0,0,0,0,
2022-12-06 16:10:56.240,225,1,,AT22_NAV_01_0_1_S_172,76577,16089,,,,Off,0,Manual: B,20,0,0,0,0,
2022-12-06 16:10:56.240,,,,,76577,16089,,,0,Off,0,Manual: B,20,0,0,0,0,
2022-12-06 16:10:56.240,,,,,76577,16089,76577,16089,,Off,0,Manual: B,20,0,0,0,0,
2022-12-06 16:10:56.240,,,,,76577,16089,,,,On,4,Manual: B,20,0,0,0,0,
2022-12-06 16:11:11.282,,,,,76577,16089,,,,Off,0,Manual: B,20,0,0,0,0,
2022-12-06 16:11:34.987,226,1,,AT22_NAV_01_0_1_S_173,76541,16080,,,,Off,0,Manual: B,20,0,0,0,0,
2022-12-06 16:11:34.987,,,,,76541,16080,,,0,Off,0,Manual: B,20,0,0,0,0,
2022-12-06 16:11:34.987,,,,,76541,16080,76541,16080,,Off,0,Manual: B,20,0,0,0,0,
2022-12-06 16:11:34.987,,,,,76541,16080,,,,On,4,Manual: B,20,0,0,0,0,
2022-12-06 16:11:50.000,,,,,76541,16080,,,,Off,0,Manual: B,20,0,0,0,0,
2022-12-06 16:12:13.632,227,1,,AT22_NAV_01_0_1_S_174,76449,16091,,,,Off,0,Manual: B,20,0,0,0,0,
2022-12-06 16:12:13.632,,,,,76449,16091,,,0,Off,0,Manual: B,20,0,0,0,0,
2022-12-06 16:12:13.632,,,,,76449,16091,76449,16091,,Off,0,Manual: B,20,0,0,0,0,
2022-12-06 16:12:13.632,,,,,76449,16091,,,,On,4,Manual: B,20,0,0,0,0,
2022-12-06 16:12:28.645,,,,,76449,16091,,,,Off,0,Manual: B,20,0,0,0,0,
2022-12-06 16:12:52.498,228,1,,AT22_NAV_01_0_1_S_175,76396,16042,,,,Off,0,Manual: B,20,0,0,0,0,
2022-12-06 16:12:52.498,,,,,76396,16042,,,0,Off,0,Manual: B,20,0,0,0,0,
2022-12-06 16:12:52.498,,,,,76396,16042,76396,16042,,Off,0,Manual: B,20,0,0,0,0,
2022-12-06 16:12:52.498,,,,,76396,16042,,,,On,4,Manual: B,20,0,0,0,0,
2022-12-06 16:13:07.574,,,,,76396,16042,,,,Off,0,Manual: B,20,0,0,0,0,
2022-12-06 16:13:31.649,229,1,,AT22_NAV_01_0_1_S_176,76313,16066,,,,Off,0,Manual: B,20,0,0,0,0,
2022-12-06 16:13:31.649,,,,,76313,16066,,,0,Off,0,Manual: B,20,0,0,0,0,
2022-12-06 16:13:31.649,,,,,76313,16066,76313,16066,,Off,0,Manual: B,20,0,0,0,0,
2022-12-06 16:13:31.649,,,,,76313,16066,,,,On,4,Manual: B,20,0,0,0,0,
2022-12-06 16:13:46.671,,,,,76313,16066,,,,Off,0,Manual: B,20,0,0,0,0,
2022-12-06 16:14:10.680,230,1,,AT22_NAV_01_0_1_S_177,76339,16411,,,,Off,0,Manual: B,20,0,0,0,0,
2022-12-06 16:14:10.680,,,,,76339,16411,,,0,Off,0,Manual: B,20,0,0,0,0,
2022-12-06 16:14:10.680,,,,,76339,16411,76339,16411,,Off,0,Manual: B,20,0,0,0,0,
2022-12-06 16:14:10.680,,,,,76339,16411,,,,On,4,Manual: B,20,0,0,0,0,
2022-12-06 16:14:25.688,,,,,76339,16411,,,,Off,0,Manual: B,20,0,0,0,0,
2022-12-06 16:14:49.661,231,1,,AT22_NAV_01_0_1_S_178,76426,16400,,,,Off,0,Manual: B,20,0,0,0,0,
2022-12-06 16:14:49.661,,,,,76426,16400,,,0,Off,0,Manual: B,20,0,0,0,0,
2022-12-06 16:14:49.661,,,,,76426,16400,76426,16400,,Off,0,Manual: B,20,0,0,0,0,
2022-12-06 16:14:49.662,,,,,76426,16400,,,,On,4,Manual: B,20,0,0,0,0,
2022-12-06 16:15:04.671,,,,,76426,16400,,,,Off,0,Manual: B,20,0,0,0,0,
2022-12-06 16:15:28.524,232,1,,AT22_NAV_01_0_1_S_179,76473,16436,,,,Off,0,Manual: B,20,0,0,0,0,
2022-12-06 16:15:28.524,,,,,76473,16436,,,0,Off,0,Manual: B,20,0,0,0,0,
2022-12-06 16:15:28.524,,,,,76473,16436,76473,16436,,Off,0,Manual: B,20,0,0,0,0,
2022-12-06 16:15:28.524,,,,,76473,16436,,,,On,4,Manual: B,20,0,0,0,0,
2022-12-06 16:15:43.541,,,,,76473,16436,,,,Off,0,Manual: B,20,0,0,0,0,
2022-12-06 16:16:07.728,233,1,,AT22_NAV_01_0_1_S_180,76568,16414,,,,Off,0,Manual: B,20,0,0,0,0,
2022-12-06 16:16:07.728,,,,,76568,16414,,,0,Off,0,Manual: B,20,0,0,0,0,
2022-12-06 16:16:07.728,,,,,76568,16414,76568,16414,,Off,0,Manual: B,20,0,0,0,0,
2022-12-06 16:16:07.728,,,,,76568,16414,,,,On,4,Manual: B,20,0,0,0,0,
2022-12-06 16:16:22.741,,,,,76568,16414,,,,Off,0,Manual: B,20,0,0,0,0,
2022-12-06 16:16:46.600,234,1,,AT22_NAV_01_0_1_S_181,76646,16389,,,,Off,0,Manual: B,20,0,0,0,0,
2022-12-06 16:16:46.600,,,,,76646,16389,,,0,Off,0,Manual: B,20,0,0,0,0,
2022-12-06 16:16:46.600,,,,,76646,16389,76646,16389,,Off,0,Manual: B,20,0,0,0,0,
2022-12-06 16:16:46.600,,,,,76646,16389,,,,On,4,Manual: B,20,0,0,0,0,
2022-12-06 16:17:01.643,,,,,76646,16389,,,,Off,0,Manual: B,20,0,0,0,0,
2022-12-06 16:17:32.562,235,1,,91500_73,40706,47982,,,,Off,0,Manual: B,20,0,0,0,0,
2022-12-06 16:17:32.562,,,,,40706,47982,,,0,Off,0,Manual: B,20,0,0,0,0,
2022-12-06 16:17:32.562,,,,,40706,47982,40706,47982,,Off,0,Manual: B,20,0,0,0,0,
2022-12-06 16:17:32.562,,,,,40706,47982,,,,On,4,Manual: B,20,0,0,0,0,
2022-12-06 16:17:47.766,,,,,40706,47982,,,,Off,0,Manual: B,20,0,0,0,0,
2022-12-06 16:18:11.916,236,1,,GJ1_12,41357,46341,,,,Off,0,Manual: B,20,0,0,0,0,
2022-12-06 16:18:11.916,,,,,41357,46341,,,0,Off,0,Manual: B,20,0,0,0,0,
2022-12-06 16:18:11.916,,,,,41357,46341,41357,46341,,Off,0,Manual: B,20,0,0,0,0,
2022-12-06 16:18:11.916,,,,,41357,46341,,,,On,4,Manual: B,20,0,0,0,0,
2022-12-06 16:18:26.953,,,,,41357,46341,,,,Off,0,Manual: B,20,0,0,0,0,
2022-12-06 16:18:57.871,237,1,,AT22_NAV_01_0_1_S_182,76708,16337,,,,Off,0,Manual: B,20,0,0,0,0,
2022-12-06 16:18:57.871,,,,,76708,16337,,,0,Off,0,Manual: B,20,0,0,0,0,
2022-12-06 16:18:57.871,,,,,76708,16337,76708,16337,,Off,0,Manual: B,20,0,0,0,0,
2022-12-06 16:18:57.871,,,,,76708,16337,,,,On,4,Manual: B,20,0,0,0,0,
2022-12-06 16:19:12.934,,,,,76708,16337,,,,Off,0,Manual: B,20,0,0,0,0,
2022-12-06 16:19:36.710,238,1,,AT22_NAV_01_0_1_S_183,76801,16385,,,,Off,0,Manual: B,20,0,0,0,0,
2022-12-06 16:19:36.710,,,,,76801,16385,,,0,Off,0,Manual: B,20,0,0,0,0,
2022-12-06 16:19:36.710,,,,,76801,16385,76801,16385,,Off,0,Manual: B,20,0,0,0,0,
2022-12-06 16:19:36.710,,,,,76801,16385,,,,On,4,Manual: B,20,0,0,0,0,
2022-12-06 16:19:51.715,,,,,76801,16385,,,,Off,0,Manual: B,20,0,0,0,0,
2022-12-06 16:20:15.395,239,1,,AT22_NAV_01_0_1_S_184,76866,16416,,,,Off,0,Manual: B,20,0,0,0,0,
2022-12-06 16:20:15.395,,,,,76866,16416,,,0,Off,0,Manual: B,20,0,0,0,0,
2022-12-06 16:20:15.395,,,,,76866,16416,76866,16416,,Off,0,Manual: B,20,0,0,0,0,
2022-12-06 16:20:15.395,,,,,76866,16416,,,,On,4,Manual: B,20,0,0,0,0,
2022-12-06 16:20:30.403,,,,,76866,16416,,,,Off,0,Manual: B,20,0,0,0,0,
2022-12-06 16:20:54.181,240,1,,AT22_NAV_01_0_1_S_185,76976,16332,,,,Off,0,Manual: B,20,0,0,0,0,
2022-12-06 16:20:54.181,,,,,76976,16332,,,0,Off,0,Manual: B,20,0,0,0,0,
2022-12-06 16:20:54.181,,,,,76976,16332,76976,16332,,Off,0,Manual: B,20,0,0,0,0,
2022-12-06 16:20:54.181,,,,,76976,16332,,,,On,4,Manual: B,20,0,0,0,0,
2022-12-06 16:21:09.219,,,,,76976,16332,,,,Off,0,Manual: B,20,0,0,0,0,
2022-12-06 16:21:33.074,241,1,,AT22_NAV_01_0_1_S_186,77047,16368,,,,Off,0,Manual: B,20,0,0,0,0,
2022-12-06 16:21:33.074,,,,,77047,16368,,,0,Off,0,Manual: B,20,0,0,0,0,
2022-12-06 16:21:33.074,,,,,77047,16368,77047,16368,,Off,0,Manual: B,20,0,0,0,0,
2022-12-06 16:21:33.074,,,,,77047,16368,,,,On,4,Manual: B,20,0,0,0,0,
2022-12-06 16:21:48.075,,,,,77047,16368,,,,Off,0,Manual: B,20,0,0,0,0,
2022-12-06 16:22:12.053,242,1,,AT22_NAV_01_0_1_S_187,77099,16398,,,,Off,0,Manual: B,20,0,0,0,0,
2022-12-06 16:22:12.053,,,,,77099,16398,,,0,Off,0,Manual: B,20,0,0,0,0,
2022-12-06 16:22:12.053,,,,,77099,16398,77099,16398,,Off,0,Manual: B,20,0,0,0,0,
2022-12-06 16:22:12.053,,,,,77099,16398,,,,On,4,Manual: B,20,0,0,0,0,
2022-12-06 16:22:27.062,,,,,77099,16398,,,,Off,0,Manual: B,20,0,0,0,0,
2022-12-06 16:22:50.788,243,1,,AT22_NAV_01_0_1_S_188,77192,16343,,,,Off,0,Manual: B,20,0,0,0,0,
2022-12-06 16:22:50.788,,,,,77192,16343,,,0,Off,0,Manual: B,20,0,0,0,0,
2022-12-06 16:22:50.788,,,,,77192,16343,77192,16343,,Off,0,Manual: B,20,0,0,0,0,
2022-12-06 16:22:50.788,,,,,77192,16343,,,,On,4,Manual: B,20,0,0,0,0,
2022-12-06 16:23:05.796,,,,,77192,16343,,,,Off,0,Manual: B,20,0,0,0,0,
2022-12-06 16:23:29.710,244,1,,AT22_NAV_01_0_1_S_189,77323,16369,,,,Off,0,Manual: B,20,0,0,0,0,
2022-12-06 16:23:29.710,,,,,77323,16369,,,0,Off,0,Manual: B,20,0,0,0,0,
2022-12-06 16:23:29.710,,,,,77323,16369,77323,16369,,Off,0,Manual: B,20,0,0,0,0,
2022-12-06 16:23:29.710,,,,,77323,16369,,,,On,4,Manual: B,20,0,0,0,0,
2022-12-06 16:23:44.720,,,,,77323,16369,,,,Off,0,Manual: B,20,0,0,0,0,
2022-12-06 16:24:08.387,245,1,,AT22_NAV_01_0_1_S_190,77385,16296,,,,Off,0,Manual: B,20,0,0,0,0,
2022-12-06 16:24:08.387,,,,,77385,16296,,,0,Off,0,Manual: B,20,0,0,0,0,
2022-12-06 16:24:08.387,,,,,77385,16296,77385,16296,,Off,0,Manual: B,20,0,0,0,0,
2022-12-06 16:24:08.387,,,,,77385,16296,,,,On,4,Manual: B,20,0,0,0,0,
2022-12-06 16:24:23.442,,,,,77385,16296,,,,Off,0,Manual: B,20,0,0,0,0,
2022-12-06 16:24:47.273,246,1,,AT22_NAV_01_0_1_S_191,77470,16335,,,,Off,0,Manual: B,20,0,0,0,0,
2022-12-06 16:24:47.273,,,,,77470,16335,,,0,Off,0,Manual: B,20,0,0,0,0,
2022-12-06 16:24:47.273,,,,,77470,16335,77470,16335,,Off,0,Manual: B,20,0,0,0,0,
2022-12-06 16:24:47.273,,,,,77470,16335,,,,On,4,Manual: B,20,0,0,0,0,
2022-12-06 16:25:02.317,,,,,77470,16335,,,,Off,0,Manual: B,20,0,0,0,0,
2022-12-06 16:25:30.633,247,1,,NIST612_40,58688,31798,,,,Off,0,Manual: B,20,0,0,0,0,
2022-12-06 16:25:30.633,,,,,58688,31798,,,0,Off,0,Manual: B,20,0,0,0,0,
2022-12-06 16:25:30.633,,,,,58688,31798,58688,31798,,Off,0,Manual: B,20,0,0,0,0,
2022-12-06 16:25:30.633,,,,,58688,31798,,,,On,4,Manual: B,20,0,0,0,0,
2022-12-06 16:25:45.635,,,,,58688,31798,,,,Off,0,Manual: B,20,0,0,0,0,
2022-12-06 16:26:13.419,248,1,,OG1_12,39887,50819,,,,Off,0,Manual: B,20,0,0,0,0,
2022-12-06 16:26:13.419,,,,,39887,50819,,,0,Off,0,Manual: B,20,0,0,0,0,
2022-12-06 16:26:13.419,,,,,39887,50819,39887,50819,,Off,0,Manual: B,20,0,0,0,0,
2022-12-06 16:26:13.419,,,,,39887,50819,,,,On,4,Manual: B,20,0,0,0,0,
2022-12-06 16:26:28.425,,,,,39887,50819,,,,Off,0,Manual: B,20,0,0,0,0,
2022-12-06 16:26:52.381,249,1,,91500_75,40033,48717,,,,Off,0,Manual: B,20,0,0,0,0,
2022-12-06 16:26:52.381,,,,,40033,48717,,,0,Off,0,Manual: B,20,0,0,0,0,
2022-12-06 16:26:52.381,,,,,40033,48717,40033,48717,,Off,0,Manual: B,20,0,0,0,0,
2022-12-06 16:26:52.381,,,,,40033,48717,,,,On,4,Manual: B,20,0,0,0,0,
2022-12-06 16:27:07.491,,,,,40033,48717,,,,Off,0,Manual: B,20,0,0,0,0,
